Gene Symbol A,Gene Symbol B,Interaction Type
ABCA1,APOA1,direct interaction
ABCB1,PIM1,physical association
ABL1,TP53,direct interaction
ABL1,ATM,direct interaction
ABL1,ATM,physical association
ABL1,RB1,physical association
ABL1,SHC1,physical association
ABL1,SRC,direct interaction
ABL1,RAD51,direct interaction
ABL1,ABL1,direct interaction
ABL1,PIK3R1,direct interaction
ABL1,RAD51,physical association
ABL1,PCNA,physical association
ABL1,PIK3R1,physical association
ABL1,AP2M1,physical association
ABL1,JAK1,direct interaction
ABL1,MAPT,direct interaction
ABL1,MTOR,physical association
ABL1,MDM2,direct interaction
ABL1,MDM2,physical association
ACTB,ACTB,direct interaction
ACTB,CTGF,physical association
ACTB,ESR1,physical association
ACTB,ACTB,physical association
ACTN1,ACTN1,association
ACTN1,PKN1,physical association
ACTN4,ESR1,physical association
ACTN4,ESR1,direct interaction
AKT1,MAP2K4,physical association
AKT1,NR4A1,physical association
AKT1,NR4A1,direct interaction
AKT1,BAD,physical association
AKT1,BAD,direct interaction
AKT1,CDKN1B,direct interaction
AKT1,MDM2,physical association
AKT1,MDM2,direct interaction
AKT1,BRAF,physical association
AKT1,BRAF,direct interaction
AKT1,GSK3A,direct interaction
AKT1,MAPK14,physical association
AKT1,CHEK1,physical association
AKT1,IMPDH2,direct interaction
AKT1,IMPDH2,physical association
AKT1,DNMT1,physical association
AKT1,DNMT1,direct interaction
AKT1,MAP2K4,direct interaction
AKT1,TERT,physical association
AKT1,TSC1,physical association
AKT1,TSC2,physical association
AKT1,TSC2,direct interaction
AKT1,AR,physical association
AKT1,AR,direct interaction
AKT1,NF2,physical association
AKT1,NF2,direct interaction
AKT1,GSK3B,direct interaction
AKT1,ESR1,direct interaction
AKT1,GAPDH,physical association
AKT1,YWHAZ,physical association
AKT1,YWHAE,physical association
AKT1,DDX5,physical association
AKT1,ERBB3,physical association
AKT1,MTOR,direct interaction
AKT1,NOTCH1,direct interaction
AKT1,ACTB,physical association
AKT1,GSK3B,physical association
AKT1,EP300,physical association
AKT1,RAF1,direct interaction
AKT1,GAB2,direct interaction
AKT1,YWHAZ,direct interaction
AKT2,CHEK1,physical association
AKT2,ESR1,direct interaction
AKT3,PRKCZ,direct interaction
AKT3,PRKCZ,physical association
ALOX12,ITGB4,direct interaction
ANAPC5,CCNB1,direct interaction
ANXA7,TP53,direct interaction
ANXA7,HADHB,direct interaction
ANXA7,GAPDH,direct interaction
ANXA7,CDK4,direct interaction
ANXA7,RPA1,direct interaction
ANXA7,FGB,direct interaction
ANXA7,ACTB,direct interaction
ANXA7,A2M,direct interaction
ANXA7,CTSB,direct interaction
ANXA7,ATP5B,direct interaction
AP2M1,ACACA,physical association
AP2M1,AP2M1,physical association
AP2M1,ACTB,physical association
AP2M1,KRT6A,physical association
AP2M1,KRT17,physical association
AP2M1,GAPDH,physical association
AP2M1,CORO1C,physical association
AP2M1,FASN,physical association
APC,KRT17,direct interaction
APC,ANXA7,direct interaction
APC,ACTN1,direct interaction
APC,LAMA3,direct interaction
APC,KRT19,direct interaction
APC,MYH11,direct interaction
APC,PCNA,physical association
APC,RPA2,physical association
APC,CTNNB1,physical association
APC,CTNNB1,direct interaction
APC,APC,direct interaction
APC,TFAP2A,physical association
APC,APC,physical association
APOA1,APOB,physical association
APOA1,ABCA1,direct interaction
APOA1,APOA1,association
APOB,APOB,physical association
APOB,APOA1,physical association
AQP3,CAV1,physical association
AR,AR,direct interaction
AR,RAF1,association
AR,CTNNB1,physical association
AR,UBE2I,direct interaction
AR,UBE2I,additive genetic interaction defined by inequality
AR,E2F1,physical association
AR,TCF4,direct interaction
AR,HDAC4,direct interaction
AR,HDAC4,physical association
AR,SMAD3,physical association
AR,STAT3,direct interaction
AR,STAT3,physical association
AR,AR,association
AR,CTNNB1,direct interaction
AR,TP53,suppressive genetic interaction defined by inequality
AR,HSPB2,physical association
AR,MDM2,physical association
AR,JUN,physical association
AR,XRCC5,direct interaction
AR,SMAD3,direct interaction
AR,EP300,physical association
AR,TCF4,physical association
AR,SRC,direct interaction
AR,EGFR,colocalization
AR,TAB2,physical association
AR,SMAD4,direct interaction
AR,SMAD4,physical association
AR,NELFCD,direct interaction
AR,NELFCD,physical association
AR,MED1,direct interaction
AR,SIRT1,physical association
AR,MDM2,direct interaction
AR,ERCC2,direct interaction
AR,HMGB1,direct interaction
ARAF,NELFCD,direct interaction
ARAF,YWHAZ,direct interaction
ARAF,YWHAE,direct interaction
ARAF,PIK3R1,direct interaction
ARID1A,SRC,direct interaction
ARL6IP1,FBXW7,direct interaction
ARL6IP1,FDFT1,direct interaction
ARRDC1,ITCH,direct interaction
ATM,TP53BP1,direct interaction
ATM,ABL1,direct interaction
ATM,TP53,direct interaction
ATM,NBN,direct interaction
ATM,MRE11A,direct interaction
ATM,ATM,direct interaction
ATM,EIF4EBP1,direct interaction
ATM,CHEK1,direct interaction
ATM,ABL1,physical association
ATM,MDM2,direct interaction
ATM,BRCA2,direct interaction
ATM,TP53,additive genetic interaction defined by inequality
ATM,CHEK2,direct interaction
ATM,NBN,physical association
ATM,MRE11A,physical association
ATM,RAD51,physical association
ATM,VHL,physical association
ATM,MAPK14,physical association
ATM,E2F1,direct interaction
ATM,ATM,physical association
ATM,FOXO3,physical association
ATM,MED1,physical association
ATXN1,ACACA,direct interaction
ATXN1,ATXN1,direct interaction
ATXN1,VSNL1,direct interaction
ATXN1,UBE2I,direct interaction
ATXN1,ITGB4,direct interaction
ATXN1,HSPA1A,direct interaction
ATXN1,NR4A1,direct interaction
ATXN1,ST6GALNAC6,direct interaction
ATXN1,ANP32A,direct interaction
ATXN10,ABCA1,direct interaction
ATXN10,FN1,direct interaction
AURKA,GSK3B,physical association
AURKA,FBXW7,physical association
AURKA,AURKA,physical association
AURKA,CDKN2A,physical association
AURKA,TP53,physical association
AURKA,TP53,direct interaction
AURKA,PLK1,physical association
AURKA,UBE2N,direct interaction
AURKA,TFAP2A,physical association
AURKA,TP53,suppressive genetic interaction defined by inequality
AXL,LCK,direct interaction
AXL,SRC,direct interaction
AXL,PIK3R1,direct interaction
BAD,BAX,physical association
BAD,BCL2L1,physical association
BAD,YWHAE,direct interaction
BAD,YWHAB,direct interaction
BAD,BCL2,direct interaction
BAD,BCL2L1,direct interaction
BAD,BCL2,physical association
BAD,MCL1,direct interaction
BAK1,BCL2L1,direct interaction
BAK1,BAK1,physical association
BAK1,BAX,physical association
BAK1,BCL2L1,physical association
BAK1,MCL1,direct interaction
BAP1,HSPA1A,association
BAX,BCL2L1,physical association
BAX,BCL2,physical association
BAX,XRCC5,physical association
BAX,BCL2,direct interaction
BAX,CASP7,colocalization
BAX,CASP3,colocalization
BAX,BAX,direct interaction
BAX,BAX,physical association
BAX,TP53,physical association
BAX,BAK1,physical association
BAX,MCL1,direct interaction
BCL2,CDK1,physical association
BCL2,BECN1,direct interaction
BCL2,TP53,physical association
BCL2,BAX,physical association
BCL2,RAF1,physical association
BCL2,RAF1,direct interaction
BCL2,HIF1A,physical association
BCL2,BCL2L11,physical association
BCL2,BECN1,physical association
BCL2,MYC,physical association
BCL2,MYC,colocalization
BCL2,BAX,direct interaction
BCL2,NR4A1,physical association
BCL2,BAK1,physical association
BCL2,BCL2L1,physical association
BCL2,NR4A1,direct interaction
BCL2,IRS1,physical association
BCL2,BID,direct interaction
BCL2,BAK1,direct interaction
BCL2,BCL2L11,direct interaction
BCL2L1,BAX,physical association
BCL2L1,BAD,physical association
BCL2L1,BAK1,direct interaction
BCL2L1,PARK7,direct interaction
BCL2L1,PARK7,physical association
BCL2L1,BAX,direct interaction
BCL2L1,BAK1,physical association
BCL2L1,BAD,direct interaction
BCL2L1,BCL2,direct interaction
BCL2L1,BCL2L11,direct interaction
BCL2L1,BECN1,direct interaction
BCL2L1,BCL2L11,physical association
BCL2L1,TP53,direct interaction
BCL2L1,FBP1,direct interaction
BCL2L1,ACTB,direct interaction
BCL2L1,BID,direct interaction
BCL2L11,BCL2,physical association
BCL2L11,TRIM2,direct interaction
BCL2L11,BCL2,direct interaction
BCL2L11,MCL1,direct interaction
BCL2L11,MCL1,physical association
BCL2L11,BCL2L1,direct interaction
BCL2L11,VHL,physical association
BCL2L11,BCL2L1,physical association
BECN1,TNFAIP3,physical association
BECN1,BECN1,physical association
BECN1,TSC1,physical association
BECN1,TAB2,physical association
BECN1,ITCH,direct interaction
BHLHE41,BHLHE41,direct interaction
BHLHE41,CEBPB,physical association
BHLHE41,BHLHE41,physical association
BHLHE41,HIF1A,physical association
BID,BID,physical association
BID,RPA1,direct interaction
BID,RPA1,physical association
BID,RPA2,physical association
BID,BCL2,direct interaction
BID,MAPK8,association
BID,GAPDH,direct interaction
BIRC2,BIRC2,direct interaction
BIRC2,CASP3,direct interaction
BIRC2,CASP7,direct interaction
BIRC2,DIABLO,physical association
BIRC2,CASP7,physical association
BIRC2,ADRM1,physical association
BIRC2,RAF1,direct interaction
BIRC2,DIABLO,direct interaction
BIRC2,BIRC2,association
BIRC2,CASP3,physical association
BIRC2,DIABLO,association
BIRC2,BIRC5,direct interaction
BIRC2,E2F1,physical association
BIRC5,BIRC5,association
BIRC5,CASP3,direct interaction
BIRC5,CASP7,direct interaction
BIRC5,CDK2,physical association
BIRC5,BIRC5,direct interaction
BIRC5,BIRC2,physical association
BIRC5,CDK4,physical association
BRAF,MAP2K1,physical association
BRAF,RAF1,physical association
BRAF,AKT1,physical association
BRAF,MAP2K1,direct interaction
BRAF,YWHAB,physical association
BRCA2,RAD51,direct interaction
BRCA2,RAD51,physical association
BRCA2,RAD51,colocalization
BRCA2,RAD51,association
BRCA2,TP53,physical association
BRCA2,TP53,association
BRCA2,SMAD3,physical association
BRCA2,SMAD3,direct interaction
BRCA2,RPA1,physical association
BRCA2,RPA1,direct interaction
BRCA2,STAT5A,physical association
BSG,ATXN10,physical association
BSG,SLC16A1,physical association
BSG,PDLIM7,direct interaction
C1QBP,SRSF9,direct interaction
C1QBP,SRSF1,direct interaction
C1QBP,PRKCZ,direct interaction
C1QBP,PRKCA,physical association
C1QBP,PRKCA,direct interaction
C1QBP,PRKCD,direct interaction
C1QBP,PRKCD,physical association
C1QBP,PRKCZ,physical association
CA9,CDH1,physical association
CA9,CTNNB1,physical association
CACNA1C,HDAC4,direct interaction
CASP3,TRAF3,direct interaction
CASP3,BCL2,direct interaction
CASP3,MCL1,direct interaction
CASP3,BIRC2,direct interaction
CASP3,MDM2,direct interaction
CASP3,HSPD1,physical association
CASP3,BID,direct interaction
CASP3,CASP3,association
CAV1,NOS2,direct interaction
CAV1,NOS2,colocalization
CAV1,SRC,direct interaction
CAV1,AR,physical association
CAV1,AR,direct interaction
CAV1,MAPK3,physical association
CAV1,MAPK1,physical association
CAV1,EGFR,physical association
CAV1,PTGS2,physical association
CAV1,AQP3,physical association
CAV1,GJA1,direct interaction
CBFB,RUNX1,physical association
CCNB1,PCNA,physical association
CCNB1,CDK1,physical association
CCNB1,RPA1,direct interaction
CCNB1,CCNB1,direct interaction
CCNB1,CDK2,physical association
CCNB1,CDK1,direct interaction
CCNB1,CDKN1A,physical association
CCNB1,FOXM1,physical association
CCND1,RB1,direct interaction
CCND1,CDK4,physical association
CCND1,CDK2,physical association
CCND1,PCNA,direct interaction
CCND1,PCNA,physical association
CCND1,CDKN1B,physical association
CCND1,CDKN1A,direct interaction
CCND1,CDK1,physical association
CCND1,TSC2,physical association
CCND1,CCND1,direct interaction
CCND1,CDKN2A,colocalization
CCND1,CDKN1A,colocalization
CCND1,CDK4,colocalization
CCND1,CDKN1A,physical association
CCND1,AR,physical association
CCND1,AR,direct interaction
CCND1,ESR1,direct interaction
CCND1,ESR1,physical association
CCND1,STAT3,physical association
CCND1,RB1,physical association
CCND3,PCNA,direct interaction
CCND3,CDK4,physical association
CCND3,CDKN1B,physical association
CCND3,CDKN1A,physical association
CCND3,CDK2,physical association
CCND3,TSC2,physical association
CCND3,RB1,physical association
CCND3,CDKN1A,direct interaction
CCND3,CDK4,direct interaction
CCND3,CDKN1B,direct interaction
CCNE1,CDK1,physical association
CCNE1,RB1,direct interaction
CCNE1,CDK2,physical association
CCNE1,AR,physical association
CCNE1,CDKN1B,physical association
CCNE1,CDKN1A,physical association
CCNE1,CDK4,physical association
CCNE1,CDKN1B,direct interaction
CCNE1,CDK2,association
CCNE1,CDK1,association
CCNE1,CDK2,direct interaction
CCNE1,NBN,physical association
CCNE1,MRE11A,physical association
CCNE1,FBXW7,direct interaction
CCNE1,FOXM1,physical association
CCNE2,CDK2,physical association
CCNE2,CDKN1B,physical association
CCNE2,CDKN1A,physical association
CCNE2,FBXW7,physical association
CDH1,CTNND1,colocalization
CDH1,CTNND1,association
CDH1,CTNND1,direct interaction
CDH1,CTNNB1,physical association
CDH1,NDRG1,physical association
CDH1,CTNND1,physical association
CDH1,EGFR,physical association
CDH1,SRC,physical association
CDH1,MET,physical association
CDH1,CDH1,association
CDH1,CDH3,physical association
CDH1,CDH1,physical association
CDH1,CDH1,direct interaction
CDH1,CCNB1,direct interaction
CDH1,EP300,physical association
CDH1,ACTN1,physical association
CDH1,FOXM1,physical association
CDH1,CTNNB1,association
CDH1,CDH3,association
CDH1,MDM2,direct interaction
CDH1,MDM2,physical association
CDH2,CTNNB1,physical association
CDH2,CTNND1,physical association
CDH3,CDH1,physical association
CDH3,CTNNB1,association
CDH3,CTNNB1,physical association
CDH3,CDH3,physical association
CDH3,CDH3,association
CDK1,RB1,direct interaction
CDK1,CCND1,physical association
CDK1,SP1,direct interaction
CDK1,SP1,physical association
CDK1,RPA1,direct interaction
CDK1,CCNB1,direct interaction
CDK1,CCNB1,colocalization
CDK1,CDKN1B,physical association
CDK1,TSC1,direct interaction
CDK1,TP53,physical association
CDK1,CCNB1,physical association
CDK1,CCNB1,association
CDK1,CDKN1A,physical association
CDK1,UBE2I,direct interaction
CDK1,RUNX1,direct interaction
CDK1,MKI67,direct interaction
CDK1,HMGB1,direct interaction
CDK1,CDK1,physical association
CDK1,FOXM1,physical association
CDK1,FOXM1,direct interaction
CDK1,TP53,direct interaction
CDK2,ID3,direct interaction
CDK2,RB1,direct interaction
CDK2,CCND1,physical association
CDK2,CCNE1,physical association
CDK2,CCNE1,direct interaction
CDK2,CCND1,direct interaction
CDK2,CDKN1B,physical association
CDK2,PCNA,physical association
CDK2,TP53,direct interaction
CDK2,CDKN1A,physical association
CDK2,RPA1,direct interaction
CDK2,CCNB1,direct interaction
CDK2,CDKN1B,direct interaction
CDK2,CDKN1A,direct interaction
CDK2,CDK1,physical association
CDK2,CASP3,physical association
CDK2,IMPDH2,physical association
CDK2,ACTN1,physical association
CDK2,PTBP1,physical association
CDK2,STMN1,physical association
CDK2,TAGLN2,physical association
CDK2,DHX15,physical association
CDK2,ELAVL2,physical association
CDK2,UBE2I,physical association
CDK2,KPNA2,physical association
CDK2,MDH2,physical association
CDK2,RAB11B,physical association
CDK2,ASNS,physical association
CDK2,UBE2N,physical association
CDK2,HADHB,physical association
CDK2,ACTB,physical association
CDK2,GAPDH,physical association
CDK2,ARF4,physical association
CDK2,RPS19,physical association
CDK2,YWHAZ,physical association
CDK2,PFN1,physical association
CDK2,CDK2,physical association
CDK2,PCBP2,physical association
CDK2,SEMG1,physical association
CDK2,YWHAE,physical association
CDK2,CCNE1,colocalization
CDK2,CDKN1A,colocalization
CDK2,XRCC5,physical association
CDK2,HMGB1,physical association
CDK2,FASN,physical association
CDK2,HSPD1,physical association
CDK2,EEF2,physical association
CDK2,S100A8,physical association
CDK2,MYH9,physical association
CDK2,LDHB,physical association
CDK2,RAB15,physical association
CDK2,ATP5B,physical association
CDK2,PGR,physical association
CDK2,CDK2,direct interaction
CDK2,PRKCH,physical association
CDK2,SP1,direct interaction
CDK2,MITF,suppressive genetic interaction defined by inequality
CDK2,FOXM1,physical association
CDK4,RB1,direct interaction
CDK4,CCND3,physical association
CDK4,CCND1,physical association
CDK4,CDKN2A,direct interaction
CDK4,CDKN2A,physical association
CDK4,RB1,physical association
CDK4,CDKN1B,physical association
CDK4,CCND1,direct interaction
CDK4,PCNA,physical association
CDK4,CDKN1A,physical association
CDK4,ATP5B,direct interaction
CDKN1A,PCNA,direct interaction
CDKN1A,CCNE1,physical association
CDKN1A,PCNA,association
CDKN1A,ESR1,direct interaction
CDKN1A,CDK2,physical association
CDKN1A,CDK2,direct interaction
CDKN1A,CDK1,physical association
CDKN1A,CCNB1,physical association
CDKN1A,PCNA,physical association
CDKN1A,CDK4,physical association
CDKN1A,CCND1,physical association
CDKN1A,NFE2L2,physical association
CDKN1A,MDM2,physical association
CDKN1A,CCND1,direct interaction
CDKN1A,HDAC4,direct interaction
CDKN1A,CCNB1,direct interaction
CDKN1A,GAPDH,physical association
CDKN1A,GAPDH,direct interaction
CDKN1A,PCNA,colocalization
CDKN1A,EP300,direct interaction
CDKN1A,EP300,physical association
CDKN1A,CDKN1B,additive genetic interaction defined by inequality
CDKN1A,MDM2,direct interaction
CDKN1A,JUN,physical association
CDKN1A,MAPK8,physical association
CDKN1A,FGB,direct interaction
CDKN1A,ATP5B,direct interaction
CDKN1A,CTSB,direct interaction
CDKN1A,A2M,direct interaction
CDKN1A,ACTB,direct interaction
CDKN1A,ZBTB48,direct interaction
CDKN1A,HADHB,direct interaction
CDKN1A,TP53,direct interaction
CDKN1A,S100A8,direct interaction
CDKN1B,AKT1,physical association
CDKN1B,CCNE1,physical association
CDKN1B,TSC2,physical association
CDKN1B,TSC1,physical association
CDKN1B,CDK2,physical association
CDKN1B,CDK2,direct interaction
CDKN1B,CCND1,direct interaction
CDKN1B,CDK4,direct interaction
CDKN1B,CCNE1,direct interaction
CDKN1B,CDK4,physical association
CDKN1B,YWHAE,physical association
CDKN1B,CCND3,physical association
CDKN1B,CCND1,physical association
CDKN1B,CCND3,direct interaction
CDKN2A,CDK4,direct interaction
CDKN2A,MDM2,physical association
CDKN2A,MDM2,direct interaction
CDKN2A,CCND1,direct interaction
CDKN2A,MYC,physical association
CDKN2A,CDK4,physical association
CDKN2A,TP53,physical association
CDKN2A,SP1,physical association
CDKN2A,VHL,physical association
CDKN2A,PCNA,physical association
CDKN2A,EEF2,physical association
CDKN2A,ACTB,physical association
CDKN2A,ACTN4,physical association
CDKN2A,GAPDH,physical association
CEBPB,SP1,physical association
CEBPB,ESR1,colocalization
CEBPB,GSK3B,physical association
CEBPB,CEBPB,physical association
CEBPB,ESR1,direct interaction
CEBPB,AR,direct interaction
CEBPB,EP300,direct interaction
CEBPB,EP300,physical association
CEBPB,EP300,additive genetic interaction defined by inequality
CEBPB,ESR1,physical association
CEBPB,STAT3,physical association
CEBPB,RB1,direct interaction
CEBPB,NFKB1,direct interaction
CEBPB,RUNX1,direct interaction
CELF1,TOM1L1,direct interaction
CHEK1,DNMT1,physical association
CHEK1,AKT1,physical association
CHEK1,AKT2,physical association
CHEK1,TP53,direct interaction
CHEK1,XRCC5,physical association
CHEK1,TP53,physical association
CHEK1,CDKN1A,physical association
CHEK1,RB1,direct interaction
CHEK2,CHEK2,physical association
CHEK2,CHEK2,direct interaction
CHEK2,FOXM1,direct interaction
CHEK2,TP53,direct interaction
CHEK2,MDM2,physical association
CHEK2,BRCA2,direct interaction
CHEK2,TP53,physical association
CHEK2,PLK1,physical association
CHEK2,MDM2,direct interaction
CHEK2,RB1,direct interaction
CHEK2,RB1,physical association
CHEK2,PPP2R2B,direct interaction
CHEK2,BRCA2,physical association
CHEK2,RAD50,physical association
CHEK2,TP53BP1,physical association
COL7A1,FN1,direct interaction
COL7A1,LAMC2,direct interaction
COL7A1,LAMB3,direct interaction
CTDSP2,SNAI1,physical association
CTGF,VEGFA,physical association
CTGF,ACTB,association
CTGF,ACTB,direct interaction
CTNNB1,APC,direct interaction
CTNNB1,APC,association
CTNNB1,TCF4,physical association
CTNNB1,CDH1,physical association
CTNNB1,NR4A1,physical association
CTNNB1,CDH3,physical association
CTNNB1,TCF4,direct interaction
CTNNB1,YWHAZ,physical association
CTNNB1,NDRG1,physical association
CTNNB1,PTPRU,physical association
CTNNB1,EP300,additive genetic interaction defined by inequality
CTNNB1,AR,direct interaction
CTNNB1,FOXO3,physical association
CTNNB1,TCF4,association
CTNNB1,GSK3B,physical association
CTNNB1,SIRT1,physical association
CTNNB1,PIK3R1,direct interaction
CTNNB1,CTNND1,physical association
CTNNB1,APC,physical association
CTNNB1,AR,physical association
CTNNB1,ERBB2,direct interaction
CTNNB1,TGFBR2,physical association
CTNNB1,KMT2D,direct interaction
CTNNB1,HDAC4,physical association
CTNNB1,ESR1,physical association
CTNNB1,ERBB2,colocalization
CTNNB1,ERBB2,physical association
CTNNB1,MAPK9,physical association
CTNNB1,MAPK8,physical association
CTNNB1,NOTCH1,physical association
CTNNB1,NOTCH1,direct interaction
CTNND1,CDH2,physical association
CTNND1,CDH1,direct interaction
CTNND1,CDH1,physical association
CTNND1,SRC,physical association
CTNND1,CDH3,physical association
CTSL,RXRA,direct interaction
CXCL8,CXCL8,direct interaction
CXCL8,EP300,physical association
CXCL8,SDC1,direct interaction
DCN,EGFR,direct interaction
DCN,COL6A1,direct interaction
DDX5,DDX5,physical association
DDX5,EP300,physical association
DDX5,ESR1,physical association
DDX5,ESR1,direct interaction
DEGS1,SLC16A1,physical association
DHCR24,TP53,physical association
DIABLO,BIRC2,physical association
DIABLO,DIABLO,physical association
DIABLO,BIRC5,direct interaction
DIABLO,BIRC5,physical association
DIABLO,DIABLO,association
DMTF1,TP53,physical association
DNM2,SRC,direct interaction
DNM2,HMGB1,direct interaction
DNMT1,CHEK1,physical association
DNMT1,PCNA,direct interaction
DNMT1,SP1,physical association
DNMT1,AKT1,physical association
DNMT1,AKT1,direct interaction
DNMT1,E2F1,colocalization
DNMT1,RB1,colocalization
DNMT1,PCNA,physical association
DNMT1,RB1,physical association
DNMT1,STAT3,physical association
DNMT1,RUNX1,direct interaction
DNMT1,RUNX1T1,direct interaction
DNMT1,RUNX1T1,colocalization
DNMT1,RUNX1,colocalization
DNMT1,RUNX1,physical association
DNMT1,RUNX1T1,physical association
DNMT1,SIRT1,physical association
DNMT1,DNMT1,physical association
DUSP1,MAPK9,physical association
DUSP1,MAPK1,physical association
DUSP1,MAPK3,direct interaction
DUSP1,MAPK1,direct interaction
DUSP1,MAPK8,direct interaction
DUSP1,MAPK14,direct interaction
DVL3,CTNNB1,physical association
DVL3,ITCH,physical association
DVL3,ZBTB48,direct interaction
E2F1,SP1,direct interaction
E2F1,RB1,physical association
E2F1,RB1,direct interaction
E2F1,ESR1,physical association
E2F1,AR,physical association
E2F1,TP53BP1,physical association
E2F1,TP53BP1,direct interaction
E2F1,MDM2,physical association
E2F1,SP1,physical association
E2F1,ANAPC5,physical association
E2F1,CDKN1A,colocalization
E2F1,GSK3B,physical association
E2F1,CDK2,direct interaction
E2F1,RB1,colocalization
E2F1,BIRC2,physical association
E2F1,NFKB1,direct interaction
E2F3,CCNB1,physical association
E2F3,PCNA,physical association
E2F3,KMT2D,physical association
E2F3,RB1,physical association
ECT2,PRKCZ,physical association
EGFR,GAB1,physical association
EGFR,SHC1,physical association
EGFR,ERBB2,physical association
EGFR,STAM2,physical association
EGFR,SRC,physical association
EGFR,CEBPB,physical association
EGFR,ERBB3,physical association
EGFR,CAV1,direct interaction
EGFR,CAV1,physical association
EGFR,PCNA,direct interaction
EGFR,PCNA,physical association
EGFR,PRKCA,physical association
EGFR,RASA1,direct interaction
EGFR,STAT3,physical association
EGFR,PIK3R1,physical association
EGFR,LGALS3,physical association
EGFR,EGFR,physical association
EGFR,ARF4,direct interaction
EGFR,ARF4,physical association
EGFR,AR,physical association
EGFR,STAM2,direct interaction
EGFR,SHC1,direct interaction
EGFR,YWHAZ,physical association
EGFR,ERRFI1,physical association
EGFR,CTNNB1,direct interaction
EGFR,CTNND1,direct interaction
EGFR,TOM1L1,physical association
EGFR,SOCS3,physical association
EGFR,PTK2B,physical association
EGFR,CTNNB1,physical association
EGFR,JAK1,physical association
EGFR,CDK1,physical association
EGFR,ADRM1,direct interaction
EGFR,HSPA1A,direct interaction
EGFR,FN1,direct interaction
EGFR,PTPN12,direct interaction
EGFR,AP2M1,direct interaction
EGFR,STAT3,colocalization
EGFR,STAT5A,physical association
EGFR,NRG1,physical association
EGR1,SNAI1,colocalization
EGR1,SP1,colocalization
EGR1,PTEN,physical association
EGR1,CEBPB,direct interaction
EIF2AK2,STAT3,physical association
EIF2AK2,EIF2AK2,direct interaction
EIF2AK2,EIF2AK2,physical association
EIF2AK2,TP53,direct interaction
EIF2AK2,TP53,physical association
EIF4E,EIF4EBP1,physical association
EIF4E,EIF4G1,physical association
EIF4E,EIF4E,physical association
EIF4E,EIF4EBP1,direct interaction
EIF4E,EIF4EBP1,association
EIF4E,EIF4G1,direct interaction
EIF4EBP1,EIF4E,physical association
EIF4EBP1,RPTOR,physical association
EIF4EBP1,RPTOR,direct interaction
EIF4EBP1,EIF4E,direct interaction
EIF4EBP1,MTOR,physical association
EIF4G1,EIF4E,physical association
ELF3,JAK1,physical association
ELF3,NFKB1,direct interaction
ELF3,ERBB2,suppressive genetic interaction defined by inequality
EP300,TP53,direct interaction
EP300,TFAP2A,direct interaction
EP300,EGR1,direct interaction
EP300,EP300,direct interaction
EP300,TP53,physical association
EP300,MDM2,physical association
EP300,MAPK14,direct interaction
EP300,NOTCH1,physical association
EP300,ESR1,physical association
EP300,NFATC1,direct interaction
EP300,STAT5A,direct interaction
EP300,STAT5A,physical association
EP300,MAPK1,physical association
EP300,EP300,physical association
EP300,SOX4,physical association
EP300,CDK2,direct interaction
EP300,SP1,physical association
EP300,SP1,colocalization
EP300,PRKAA1,direct interaction
EP300,ESR1,direct interaction
EP300,RORA,direct interaction
EP300,SMAD1,physical association
EP300,HIF1A,association
EP300,HIF1A,physical association
EP300,NR4A1,direct interaction
EP300,CXCL8,direct interaction
EP300,CXCL8,physical association
EP300,TFAP2A,physical association
EP300,STAT3,physical association
EP300,PPARG,direct interaction
EP300,NOTCH1,direct interaction
EP300,ANAPC5,physical association
EP300,CDH1,physical association
EP300,PGR,physical association
EP300,SPHK1,direct interaction
EP300,NFKB1,physical association
EP300,JUN,direct interaction
EP300,JUN,colocalization
EP300,JUN,association
EP300,RAD50,physical association
EP300,NBN,physical association
EP300,TP53BP1,physical association
EP300,MRE11A,physical association
EP300,MYC,direct interaction
EP300,MYC,physical association
EP300,PCNA,physical association
EP300,PCNA,direct interaction
EP300,JUN,physical association
EP300,AKT1,physical association
EP300,SMAD4,physical association
EP300,DDX5,physical association
EP300,TGFBR1,physical association
EP300,STAT3,direct interaction
EP300,EGR1,physical association
EP300,VHL,physical association
EP300,MDM2,direct interaction
EP300,CCND1,direct interaction
EP300,TP53,colocalization
EP300,MDM2,colocalization
EP300,CEBPB,direct interaction
EP300,CEBPB,physical association
EP300,NFKB1,direct interaction
EP300,RUNX3,physical association
EP300,SP1,direct interaction
EP300,PPARG,physical association
EP300,MAPT,direct interaction
EP300,RXRA,physical association
EP300,RPS6KB1,direct interaction
EP300,RPS6KB1,physical association
EP300,NPAS2,direct interaction
EP300,SMAD3,physical association
EP300,FOXO3,physical association
EP300,FOS,direct interaction
EP300,FOSL1,direct interaction
EP300,HIF1A,direct interaction
EP300,GAPDH,physical association
EP300,KPNA2,direct interaction
ERBB2,ERBB2,physical association
ERBB2,PIK3R1,physical association
ERBB2,SHC1,physical association
ERBB2,EGFR,physical association
ERBB2,ERBB3,physical association
ERBB2,CTNNB1,physical association
ERBB2,STAT3,physical association
ERBB3,ERBB2,physical association
ERBB3,PIK3R1,physical association
ERBB3,SHC1,physical association
ERBB3,NRG1,direct interaction
ERBB3,MDM2,physical association
ERBB3,EGR1,direct interaction
ERBB4,STAT5A,physical association
ERBB4,YAP1,direct interaction
ERBB4,TAB2,physical association
ERBB4,TAB2,direct interaction
ERBB4,YAP1,physical association
ERBB4,ITCH,physical association
ERBB4,ERBB2,physical association
ERBB4,TP53,physical association
ERBB4,MDM2,physical association
ERBB4,YAP1,colocalization
ERBB4,SHC1,physical association
ERRFI1,AXL,physical association
ERRFI1,EGFR,physical association
ESR1,PIK3R1,physical association
ESR1,PGR,physical association
ESR1,KLF5,physical association
ESR1,ESR1,direct interaction
ESR1,E2F1,physical association
ESR1,HDAC4,direct interaction
ESR1,CDKN1A,direct interaction
ESR1,MED1,physical association
ESR1,AKT2,physical association
ESR1,SRC,physical association
ESR1,MAPK1,direct interaction
ESR1,EP300,physical association
ESR1,ESR1,physical association
ESR1,KMT2D,physical association
ESR1,TAB2,physical association
ESR1,CEBPB,direct interaction
ESR1,EP300,direct interaction
ESR1,DDX5,direct interaction
ESR1,MED1,direct interaction
ESR1,ERBB2,physical association
ESR1,DDX5,physical association
ESR1,ACTB,physical association
ESR1,CCND1,physical association
ESR1,ESR2,physical association
ESR1,HDAC4,physical association
ESR1,SRC,direct interaction
ESR1,SP1,physical association
ESR1,CCND1,direct interaction
ESR1,IRS1,physical association
ESR1,TAB2,direct interaction
ESR1,MDM2,physical association
ESR1,CDKN1A,physical association
ESR1,ESR2,direct interaction
ESR1,MYC,physical association
ESR1,MDM2,direct interaction
ESR1,TP53,physical association
ESR1,CEBPB,physical association
ESR1,SHC1,direct interaction
ESR1,PRKCZ,physical association
ESR1,CAV1,direct interaction
ESR1,CAV1,physical association
ESR1,XRCC5,physical association
ESR1,DDX5,additive genetic interaction defined by inequality
ESR1,UBE2I,direct interaction
ESR1,STAT3,physical association
ESR2,ESR2,physical association
ESR2,ESR1,direct interaction
ESR2,ESR1,physical association
ESR2,SRC,direct interaction
ESR2,MED1,direct interaction
ESR2,EP300,direct interaction
ESR2,MDM2,physical association
ESR2,EP300,physical association
ESR2,SP1,physical association
ESR2,KLF5,physical association
ESR2,KLF5,direct interaction
ESR2,DDX5,direct interaction
FAS,FAS,direct interaction
FAS,UBE2I,direct interaction
FAS,TRAF3,direct interaction
FAS,UBE2I,physical association
FAS,BID,association
FAS,MAPK8,association
FAS,RHOA,association
FASN,FASN,direct interaction
FBP1,FBP1,association
FBP1,FBP1,direct interaction
FBXW7,CCNE1,direct interaction
FBXW7,AURKA,physical association
FBXW7,CCNE1,physical association
FBXW7,GSK3B,physical association
FBXW7,FBXW7,physical association
FBXW7,KLF5,physical association
FBXW7,KLF5,direct interaction
FBXW7,MYC,physical association
FBXW7,NOTCH1,physical association
FBXW7,MTOR,physical association
FBXW7,MYC,direct interaction
FBXW7,CCNE2,direct interaction
FBXW7,CCNE1,association
FGA,FGA,association
FGA,FGB,association
FGF1,FGF1,association
FGF1,FGFR1,association
FGF2,THBS1,direct interaction
FGF2,RPS19,association
FGF2,RPS19,direct interaction
FGF2,SDC1,association
FGFR1,FGF2,direct interaction
FGFR1,FGFR1,direct interaction
FGFR1,FGF1,direct interaction
FGFR1,STAT3,physical association
FGFR1,SRC,physical association
FGFR3,FGF1,direct interaction
FGFR3,CTSK,direct interaction
FGG,FGG,association
FGG,FGA,association
FGG,FGB,association
FHIT,FHIT,direct interaction
FHIT,UBE2I,direct interaction
FHIT,UBE2I,physical association
FIGF,KDR,direct interaction
FN1,COL7A1,direct interaction
FN1,TGFBI,direct interaction
FN1,CRP,direct interaction
FN1,TNC,direct interaction
FN1,TNC,physical association
FN1,ITGA5,direct interaction
FOS,JUN,direct interaction
FOS,ESR1,physical association
FOS,JUN,physical association
FOS,SMAD3,physical association
FOS,MAPK1,physical association
FOSL1,JUN,direct interaction
FOSL1,EP300,physical association
FOSL1,JUN,physical association
FOXA1,AR,direct interaction
FOXA1,AR,physical association
FOXM1,CDH1,physical association
FOXO3,CTNNB1,physical association
FOXO3,YWHAB,physical association
FOXO3,YWHAE,physical association
FOXO3,SMAD3,physical association
FOXO3,SMAD4,physical association
FOXO3,MAPK1,physical association
FOXO3,MDM2,physical association
FOXO3,EP300,physical association
FOXO3,ATM,physical association
FOXO3,ATM,direct interaction
FOXO3,SIRT1,physical association
GAB1,SHC1,physical association
GAB1,PIK3R1,physical association
GAB1,SHC1,direct interaction
GAB1,PIK3R1,direct interaction
GAB1,MET,physical association
GAB1,C1QBP,physical association
GAB2,PIK3R1,physical association
GAB2,PIK3R1,direct interaction
GAB2,SHC1,physical association
GAB2,AKT1,physical association
GAB2,MET,physical association
GAPDH,CCNB1,physical association
GAPDH,CCNB1,direct interaction
GAPDH,AR,direct interaction
GAPDH,ATXN1,direct interaction
GAPDH,GAPDH,association
GAPDH,YWHAE,direct interaction
GAPDH,EP300,physical association
GAS6,AXL,direct interaction
GATA3,MDM2,physical association
GATA3,HDAC4,physical association
GATA6,SP1,physical association
GATA6,EP300,physical association
GJA1,GJA1,colocalization
GJA1,CAV1,colocalization
GJA1,CAV1,physical association
GRIN2A,SRC,direct interaction
GRIN2A,SRC,physical association
GRIN2A,PTK2B,physical association
GSK3A,MAPT,direct interaction
GSK3A,AR,physical association
GSK3A,MYC,physical association
GSK3B,AKT2,association
GSK3B,NOTCH1,direct interaction
GSK3B,TP53,physical association
GSK3B,TP53,additive genetic interaction defined by inequality
GSK3B,GSK3B,direct interaction
GSK3B,CTNNB1,physical association
GSK3B,BIRC2,physical association
GSK3B,NOTCH2,direct interaction
GSK3B,NOTCH2,physical association
GSK3B,MAPT,direct interaction
GSK3B,MAPT,physical association
GSK3B,YBX1,direct interaction
GSK3B,TSC1,physical association
GSK3B,TSC2,direct interaction
GSK3B,TSC2,physical association
GSK3B,KLF5,direct interaction
GSK3B,CTNNB1,direct interaction
GSK3B,NFKB1,direct interaction
GSK3B,APC,physical association
GSK3B,SMAD3,physical association
GSK3B,AR,direct interaction
GSK3B,AR,physical association
GSK3B,CEBPB,physical association
GSK3B,MYC,physical association
GSK3B,GAPDH,direct interaction
GSK3B,DNMT1,direct interaction
GSK3B,ADIRF,direct interaction
GSK3B,MTOR,direct interaction
GSK3B,TP53,direct interaction
GSK3B,RXRA,direct interaction
GSK3B,EIF4EBP1,direct interaction
GSK3B,MDM2,direct interaction
GSK3B,MDM2,physical association
GSK3B,SNAI1,direct interaction
GSK3B,SNAI1,physical association
GSK3B,MAPK1,direct interaction
GSK3B,NFE2L2,direct interaction
GSK3B,CCNE1,direct interaction
HAND2,HAND2,direct interaction
HAND2,EP300,direct interaction
HDAC4,TP53BP1,additive genetic interaction defined by inequality
HDAC4,TP53,additive genetic interaction defined by inequality
HDAC4,THBS2,additive genetic interaction defined by inequality
HDAC4,RUNX3,additive genetic interaction defined by inequality
HDAC4,PTEN,additive genetic interaction defined by inequality
HDAC4,PLK1,additive genetic interaction defined by inequality
HDAC4,MYLK,additive genetic interaction defined by inequality
HDAC4,MECP2,additive genetic interaction defined by inequality
HDAC4,JUN,additive genetic interaction defined by inequality
HDAC4,HSPG2,additive genetic interaction defined by inequality
HDAC4,EIF4E,additive genetic interaction defined by inequality
HDAC4,ASNS,additive genetic interaction defined by inequality
HDAC4,NFATC1,physical association
HDAC4,ATXN1,physical association
HDAC4,AR,direct interaction
HDAC4,AR,physical association
HDAC4,HIF1A,direct interaction
HDAC4,YWHAE,physical association
HDAC4,YWHAB,physical association
HDAC4,HDAC4,direct interaction
HDAC4,NFKB1,physical association
HDAC4,TP53BP1,physical association
HDAC4,UBE2I,direct interaction
HDAC4,ESR1,physical association
HDAC4,ESR1,direct interaction
HDAC4,MAPK3,physical association
HDAC4,MAPK1,physical association
HDAC4,HDAC4,physical association
HDAC4,HIF1A,physical association
HDAC4,SP1,physical association
HGF,MET,physical association
HGF,HGF,association
HIC1,SIRT1,physical association
HIC1,HIC1,direct interaction
HIC1,HDAC4,physical association
HIC1,ARID1A,direct interaction
HIC1,ARID1A,physical association
HIC1,TCF4,physical association
HIC1,TCF4,direct interaction
HIF1A,VHL,physical association
HIF1A,EP300,physical association
HIF1A,VHL,direct interaction
HIF1A,TP53,physical association
HIF1A,HDAC4,physical association
HIF1A,BCL2,physical association
HIF1A,MDM2,physical association
HIF1A,FBXW7,physical association
HIF1A,EP300,direct interaction
HIF1A,STAT3,physical association
HIF1A,TP53,direct interaction
HIF1A,NR4A1,physical association
HIF1A,MYC,physical association
HIF1A,MDM2,direct interaction
HIF1A,JUN,physical association
HMGA2,NFKB1,direct interaction
HMGA2,SMAD1,physical association
HMGB1,TP53,physical association
HMGB1,TP53,direct interaction
HNF4G,GAPDH,direct interaction
HNF4G,SRC,direct interaction
HRAS,RAF1,direct interaction
HRAS,PIK3CA,direct interaction
HRAS,TP53,physical association
HRAS,RAF1,physical association
HRAS,BRAF,direct interaction
HRAS,MAP2K1,physical association
HSPA1A,TP53,physical association
HSPA1A,RHOA,physical association
HSPA1A,AR,physical association
HSPA1A,BCL2,physical association
HSPB2,AR,physical association
HSPB2,EIF4E,physical association
HSPB2,UBE2I,physical association
HSPB2,HSPB2,direct interaction
HSPB2,HSPB2,physical association
HSPD1,BAX,physical association
HSPD1,BAK1,physical association
HSPD1,CASP3,physical association
HSPG2,FN1,direct interaction
HSPG2,PDGFA,direct interaction
ID3,TCF4,direct interaction
IGFBP3,FN1,physical association
IGFBP3,FN1,direct interaction
IGFBP3,TF,direct interaction
IGFBP3,TF,physical association
IKBKE,TNFAIP3,physical association
IKBKE,TRAF3,physical association
IKBKE,IMPDH2,physical association
IMPDH2,AKT1,direct interaction
IRS1,RPTOR,direct interaction
IRS1,PIK3R1,physical association
IRS1,RPTOR,physical association
IRS1,JAK1,physical association
IRS1,AKT1,physical association
IRS1,PIK3R1,direct interaction
IRS1,ESR1,physical association
IRS1,PIK3CA,physical association
IRS1,BCL2,physical association
IRS1,BCL2L1,physical association
IRS1,MTOR,physical association
IRS1,YWHAE,direct interaction
IRS1,SOCS3,physical association
ITCH,LITAF,direct interaction
ITCH,LITAF,physical association
ITCH,ITCH,direct interaction
ITCH,STAM2,direct interaction
ITCH,CAV1,physical association
ITCH,NOTCH1,physical association
ITCH,ITCH,physical association
ITCH,MAP2K4,direct interaction
ITCH,ARID1A,physical association
ITCH,TP53,physical association
ITCH,PCBP2,physical association
ITCH,ERBB4,physical association
ITCH,ERBB4,direct interaction
ITCH,SMAD3,direct interaction
ITCH,BID,physical association
ITCH,JUN,direct interaction
ITCH,MDM2,physical association
ITCH,TXNIP,physical association
ITCH,TXNIP,direct interaction
ITGA5,FN1,physical association
JAG1,NOTCH2,physical association
JAG1,NOTCH2,direct interaction
JAG1,FBXW7,physical association
JAG1,NOTCH1,physical association
JAG1,NOTCH1,colocalization
JAK1,IRS1,direct interaction
JAK1,STAT3,direct interaction
JAK1,STAT3,physical association
JAK1,STAM2,direct interaction
JAK1,SOCS3,physical association
JAK1,SOCS3,direct interaction
JAK1,RAF1,physical association
JAK1,STAT5A,direct interaction
JAK1,STAT5A,physical association
JUN,FOS,direct interaction
JUN,JUN,direct interaction
JUN,ESR1,direct interaction
JUN,FOS,association
JUN,ITCH,physical association
JUN,TOP2A,direct interaction
JUN,MAPK8,direct interaction
JUN,RFWD2,physical association
JUN,FOSL1,direct interaction
JUN,UBE2I,direct interaction
JUN,ESR1,physical association
JUN,EP300,direct interaction
JUN,FOS,physical association
JUN,AR,physical association
JUN,NFE2L2,physical association
JUN,MYC,physical association
JUN,SMAD3,physical association
JUN,RB1,direct interaction
JUN,RB1,physical association
JUN,ABL1,physical association
JUN,HIF1A,physical association
JUN,CDKN1A,physical association
JUN,STAT3,physical association
JUN,NFE2L2,direct interaction
JUN,MAPK1,physical association
JUN,FOSL1,physical association
KDM6A,KMT2D,physical association
KDR,SHC1,physical association
KDR,RASA1,physical association
KIT,PIK3R1,direct interaction
KIT,PIK3R1,physical association
KLF5,ESR1,direct interaction
KLF5,ESR1,physical association
KLF5,GSK3B,physical association
KLF5,FBXW7,physical association
KLF5,YAP1,physical association
KLF5,WWTR1,physical association
KLF5,EP300,direct interaction
KLF5,EP300,physical association
KLF5,ESR2,physical association
KMT2D,ESR1,physical association
KPNA2,SGK1,direct interaction
KRAS,RAF1,direct interaction
KRAS,PIK3CA,direct interaction
KRT6A,KRT17,direct interaction
LASP1,TRIP13,direct interaction
LCK,PTK2B,physical association
LCK,LCK,direct interaction
LCK,CTNND1,direct interaction
LCK,FAS,direct interaction
LCK,PIK3CA,direct interaction
LCK,PECAM1,direct interaction
LCK,PIK3R1,direct interaction
LCK,PIK3CA,physical association
LCK,NOTCH1,physical association
LCK,RASA1,direct interaction
LCK,SYK,physical association
LCK,SYK,direct interaction
LCK,KIT,physical association
LCK,SOCS3,physical association
LDHB,LDHB,association
MAP2K1,MAPK1,direct interaction
MAP2K1,MAPK3,direct interaction
MAP2K1,RAF1,direct interaction
MAP2K1,BRAF,physical association
MAP2K1,MAPK1,physical association
MAP2K1,MAP2K1,direct interaction
MAP2K1,RAF1,physical association
MAP2K4,AKT1,physical association
MAP2K4,MAPK8,physical association
MAP2K4,MAP2K4,direct interaction
MAP2K4,MAPK14,direct interaction
MAP2K4,MAPK8,direct interaction
MAP2K4,ITCH,physical association
MAP2K4,MAPK9,direct interaction
MAP2K4,MAPK14,physical association
MAP4K4,RASA1,physical association
MAPK1,MAP2K1,physical association
MAPK1,PGR,physical association
MAPK1,MYC,direct interaction
MAPK1,EP300,direct interaction
MAPK1,JUN,direct interaction
MAPK1,DUSP1,direct interaction
MAPK1,TP53,physical association
MAPK1,SP1,direct interaction
MAPK1,EIF4EBP1,direct interaction
MAPK1,MAP2K1,direct interaction
MAPK1,RXRA,direct interaction
MAPK1,YBX1,direct interaction
MAPK1,PEA15,physical association
MAPK1,TSC2,physical association
MAPK1,TSC2,direct interaction
MAPK1,RAF1,physical association
MAPK1,RPS6KA1,direct interaction
MAPK1,SMAD3,direct interaction
MAPK1,SMAD1,direct interaction
MAPK1,AR,direct interaction
MAPK1,FOXO3,physical association
MAPK1,FOXO3,direct interaction
MAPK1,MAPK1,direct interaction
MAPK1,CCND1,physical association
MAPK1,GAPDH,direct interaction
MAPK1,RPTOR,direct interaction
MAPK1,GAB2,direct interaction
MAPK1,HDAC4,direct interaction
MAPK1,SHC1,physical association
MAPK1,STAT5A,physical association
MAPK1,C1QBP,direct interaction
MAPK1,DUSP1,physical association
MAPK1,ESR1,direct interaction
MAPK1,ESR2,direct interaction
MAPK1,GSK3B,direct interaction
MAPK1,RPS6KA1,physical association
MAPK1,GSK3B,physical association
MAPK1,TOP2A,direct interaction
MAPK1,CEBPB,direct interaction
MAPK14,MAPK1,physical association
MAPK14,MAPK3,physical association
MAPK14,DUSP1,physical association
MAPK14,AKT1,direct interaction
MAPK14,EP300,direct interaction
MAPK14,MAPK14,direct interaction
MAPK14,DUSP1,direct interaction
MAPK14,RB1,direct interaction
MAPK14,EIF4EBP1,direct interaction
MAPK14,MAPK3,direct interaction
MAPK14,MAPK1,direct interaction
MAPK14,EGFR,direct interaction
MAPK14,TP53,physical association
MAPK14,SP1,physical association
MAPK3,MAPK3,direct interaction
MAPK3,FASN,physical association
MAPK3,ATP5B,physical association
MAPK3,HADH,physical association
MAPK3,JUN,direct interaction
MAPK3,BRAF,additive genetic interaction defined by inequality
MAPK3,MAP2K1,physical association
MAPK3,DUSP1,direct interaction
MAPK3,TP53,physical association
MAPK3,SP1,direct interaction
MAPK3,RXRA,direct interaction
MAPK3,RAF1,physical association
MAPK3,GAB2,direct interaction
MAPK3,MAP2K1,direct interaction
MAPK3,MAP2K1,colocalization
MAPK3,CRP,direct interaction
MAPK3,RPTOR,direct interaction
MAPK3,HDAC4,direct interaction
MAPK3,C1QBP,direct interaction
MAPK3,PEA15,direct interaction
MAPK8,IRS1,direct interaction
MAPK8,TP53,physical association
MAPK8,JUN,direct interaction
MAPK8,MAP2K4,additive genetic interaction defined by inequality
MAPK8,MAP2K4,direct interaction
MAPK8,MAP2K1,direct interaction
MAPK8,STAT3,direct interaction
MAPK8,MYC,physical association
MAPK8,MYC,direct interaction
MAPK8,TP53,direct interaction
MAPK8,RPTOR,physical association
MAPK8,MTOR,physical association
MAPK8,IRS1,physical association
MAPK8,SIRT1,direct interaction
MAPK8,SIRT1,physical association
MAPK8,BCL2,direct interaction
MAPK8,MAPK8,direct interaction
MAPK8,DUSP1,physical association
MAPK8,NR4A1,direct interaction
MAPK8,ITCH,physical association
MAPK8,ITCH,direct interaction
MAPK8,CDKN1A,physical association
MAPK8,CTNNB1,physical association
MAPK8,CTNNB1,direct interaction
MAPK8,RBM15,direct interaction
MAPK9,MAP2K4,physical association
MAPK9,JUN,direct interaction
MAPK9,TP53,direct interaction
MAPK9,WDR62,direct interaction
MAPK9,CTNNB1,physical association
MAPK9,CTNNB1,direct interaction
MAPT,GSK3B,physical association
MAPT,GSK3B,direct interaction
MAPT,SYK,physical association
MAPT,SIRT1,direct interaction
MAPT,SIRT1,physical association
MAPT,YWHAB,physical association
MAPT,YWHAZ,physical association
MCL1,BCL2L11,physical association
MCL1,BAX,physical association
MCL1,BAK1,physical association
MCL1,BAD,direct interaction
MCL1,BAK1,direct interaction
MCL1,BID,direct interaction
MCL1,BID,physical association
MCL1,BCL2L11,direct interaction
MCL1,MCL1,direct interaction
MCL1,MCL1,physical association
MCL1,BCL2L1,physical association
MDH2,MDH2,direct interaction
MDM2,TERT,direct interaction
MDM2,TERT,physical association
MDM2,E2F1,direct interaction
MDM2,E2F1,physical association
MDM2,TP53,physical association
MDM2,TP53,direct interaction
MDM2,RB1,physical association
MDM2,CDKN2A,physical association
MDM2,UBE2I,physical association
MDM2,SOX4,physical association
MDM2,MDM2,direct interaction
MDM2,TP53,colocalization
MDM2,RHOA,physical association
MDM2,NOTCH1,physical association
MDM2,CHEK2,physical association
MDM2,CDKN2A,direct interaction
MDM2,HIF1A,direct interaction
MDM2,MDM2,physical association
MDM2,RFWD2,physical association
MDM2,FOXO3,physical association
MDM2,S100A4,direct interaction
MDM2,S100A2,direct interaction
MDM2,TP53,association
MDM2,RAD50,physical association
MDM2,MRE11A,physical association
MDM2,NBN,physical association
MDM2,PIM1,direct interaction
MDM2,PIM1,physical association
MDM2,CDKN1A,physical association
MDM2,CDKN1A,direct interaction
MDM2,MED1,physical association
MDM2,PDLIM7,direct interaction
MDM2,PDLIM7,physical association
MDM2,AKT1,physical association
MDM2,MDM2,colocalization
MDM2,MDM2,association
MDM2,EP300,direct interaction
MDM2,EP300,physical association
MDM2,ERBB3,physical association
MDM2,ESR1,direct interaction
MDM2,ESR1,physical association
MDM2,TP53,suppressive genetic interaction defined by inequality
MDM2,CHEK2,direct interaction
MDM2,CDH1,physical association
MDM2,RPS6KB1,physical association
MDM2,AR,colocalization
MDM2,GAPDH,physical association
MDM2,PBX1,direct interaction
MDM2,ITCH,physical association
MDM2,ABL1,direct interaction
MDM2,AR,direct interaction
MDM2,PLK1,direct interaction
MDM2,PCNA,physical association
MECP2,PPARG,physical association
MECP2,YBX1,physical association
MECP2,SP1,physical association
MECP2,DNMT1,physical association
MECP2,DNMT1,direct interaction
MECP2,HMGB1,direct interaction
MED1,MED1,direct interaction
MED1,TP53,direct interaction
MED1,ESR1,physical association
MED1,MED1,physical association
MED1,MDM2,physical association
MED1,PPARG,direct interaction
MED1,PPARG,physical association
MED1,AR,physical association
MED1,ESR1,direct interaction
MED1,ESR2,direct interaction
MED1,RXRA,direct interaction
MEIS1,PBX1,physical association
MEIS1,PBX1,direct interaction
MEIS2,PBX1,direct interaction
MET,HGF,direct interaction
MET,SHC1,physical association
MET,DCN,direct interaction
MET,HGF,physical association
MET,DCN,physical association
MET,CTNNB1,physical association
MET,CDH1,physical association
MET,GAB1,physical association
MET,STAT3,physical association
MITF,UBE2I,direct interaction
MITF,FOS,physical association
MMP2,TIMP2,association
MMP2,TIMP3,direct interaction
MMP2,A2M,direct interaction
MMP2,THBS2,physical association
MMP2,THBS1,physical association
MMP2,TIMP2,direct interaction
MMP9,THBS2,physical association
MMP9,THBS1,physical association
MRE11A,RAD50,physical association
MRE11A,NBN,physical association
MRE11A,RAD50,association
MRE11A,NBN,association
MRE11A,ATM,association
MRE11A,MRE11A,physical association
MS4A1,LCK,physical association
MTOR,RPS6KB1,direct interaction
MTOR,RPS6KB1,physical association
MTOR,RPTOR,physical association
MTOR,EIF4EBP1,direct interaction
MTOR,STAT3,direct interaction
MTOR,STAT3,physical association
MTOR,TERT,physical association
MTOR,RPTOR,direct interaction
MTOR,RICTOR,physical association
MTOR,AKT1,direct interaction
MTOR,AKT1S1,physical association
MTOR,IRS1,physical association
MTOR,IRS1,direct interaction
MTOR,RPTOR,colocalization
MTOR,RICTOR,colocalization
MTOR,RPS6,physical association
MTOR,PRKCA,direct interaction
MTOR,ABL1,physical association
MTOR,EIF4EBP1,physical association
MTOR,MTOR,physical association
MTOR,PDK1,additive genetic interaction defined by inequality
MTOR,PRKCD,physical association
MYC,MED1,direct interaction
MYC,XRCC5,physical association
MYC,TOP2A,physical association
MYC,DHX15,physical association
MYC,SP1,physical association
MYC,RAF1,physical association
MYC,FBXW7,physical association
MYC,PLK1,physical association
MYC,IDH3A,physical association
MYC,SLIT2,physical association
MYC,YWHAE,physical association
MYC,YWHAB,physical association
MYC,CYR61,physical association
MYC,C1QBP,physical association
MYC,HSPD1,physical association
MYC,HADHB,physical association
MYC,KPNA2,physical association
MYC,ARF4,physical association
MYC,CEBPB,physical association
MYC,PIM1,physical association
MYC,VHL,physical association
MYC,RAF1,direct interaction
MYC,MAPK8,direct interaction
MYC,MAPK1,direct interaction
MYC,CDK2,synthetic genetic interaction defined by inequality
MYC,ACTB,association
MYC,UBE2I,synthetic genetic interaction defined by inequality
MYC,TRIP13,synthetic genetic interaction defined by inequality
MYC,MCL1,synthetic genetic interaction defined by inequality
MYC,MYLK,synthetic genetic interaction defined by inequality
MYC,PDK1,synthetic genetic interaction defined by inequality
MYC,PKN1,synthetic genetic interaction defined by inequality
MYC,POLR2I,synthetic genetic interaction defined by inequality
MYC,MYO1B,physical association
MYC,NFE2L2,physical association
MYC,SMAD3,direct interaction
MYC,SMAD3,physical association
MYC,MAPK3,direct interaction
MYC,GSK3A,direct interaction
MYC,GSK3B,physical association
MYC,GSK3A,physical association
MYC,TFAP2A,physical association
MYC,EP300,colocalization
MYC,EP300,physical association
MYC,EP300,direct interaction
MYC,FBXW7,direct interaction
MYC,FOXO3,physical association
MYC,MYC,physical association
MYC,HIF1A,physical association
MYLIP,MYLIP,direct interaction
MYLIP,MYLIP,physical association
MYLIP,UBE2N,direct interaction
MYLK,SRC,physical association
NBN,ATM,physical association
NBN,RAD50,association
NBN,MRE11A,association
NBN,ATM,association
NBN,RAD50,physical association
NBN,MRE11A,direct interaction
NBN,MRE11A,physical association
NBN,MRE11A,colocalization
NBN,ATM,direct interaction
NBN,ATM,colocalization
NDEL1,YWHAE,direct interaction
NDEL1,YWHAE,physical association
NDEL1,MRC2,direct interaction
NDRG1,MAOA,physical association
NDRG1,FASN,physical association
NDRG1,EEF2,physical association
NDRG1,RPS6,physical association
NDRG1,AP2M1,physical association
NDRG1,CTNNB1,physical association
NDRG1,DDX5,physical association
NDRG1,CDH1,physical association
NELFCD,ARAF,physical association
NELFCD,AR,direct interaction
NELFCD,AR,physical association
NELFCD,EIF4G1,physical association
NF2,AKT1,physical association
NF2,AKT1,direct interaction
NF2,PXN,direct interaction
NF2,NF2,association
NFATC1,RPS6KB1,physical association
NFATC1,UBE2I,direct interaction
NFATC1,EGR1,direct interaction
NFE2L2,PRKCD,physical association
NFE2L2,MYC,physical association
NFKB1,STAT5A,physical association
NFKB1,EP300,physical association
NFKB1,NFKB1,direct interaction
NFKB1,NFKB1,physical association
NFKB1,NFKB1,colocalization
NFKB1,RXRA,direct interaction
NFKB1,HMGB1,direct interaction
NFKB1,NOTCH1,physical association
NFKB1,TAB2,physical association
NFKB1,TP53BP1,physical association
NFKB1,KLF5,physical association
NFKB1,SP1,physical association
NFKB1,SOCS3,physical association
NFKB1,CTNNB1,physical association
NFKB1,CTNNB1,colocalization
NFYA,SP1,physical association
NFYA,JUN,physical association
NFYA,EP300,physical association
NFYA,TP53,physical association
NFYA,TP53,direct interaction
NOTCH1,RUNX3,physical association
NOTCH1,GSK3B,direct interaction
NOTCH1,FBXW7,physical association
NOTCH1,SNAI1,physical association
NOTCH1,MDM2,physical association
NOTCH1,ITCH,physical association
NOTCH1,NFKB1,direct interaction
NOTCH1,EP300,physical association
NOTCH1,JAG1,physical association
NOTCH1,LCK,physical association
NOTCH1,PIK3CA,physical association
NOTCH1,NOTCH1,physical association
NOTCH1,JAG1,direct interaction
NOTCH1,CTNNB1,physical association
NOTCH2,GSK3B,direct interaction
NOTCH2,JAG1,physical association
NOTCH2,JAG1,direct interaction
NPAS2,EP300,direct interaction
NR1I2,RXRA,direct interaction
NR1I2,SRC,direct interaction
NR2F6,ESR1,direct interaction
NR4A1,CTNNB1,physical association
NR4A1,TOP2A,physical association
NR4A1,RXRA,direct interaction
NR4A1,BCL2,direct interaction
NR4A1,HIF1A,physical association
NR4A1,VHL,physical association
NR4A1,BCL2,physical association
NR4A1,EP300,direct interaction
NR4A1,RXRA,physical association
NR4A1,TP53,physical association
NR4A1,TP53,direct interaction
NR4A1,TCF4,direct interaction
NR4A1,FXYD3,direct interaction
NR4A2,RUNX1,physical association
NR4A2,RXRA,direct interaction
NRG1,ERBB4,direct interaction
NRG1,ERBB3,direct interaction
NRG1,ERBB2,direct interaction
OPHN1,RHOA,direct interaction
PALLD,ACTN1,physical association
PARK7,BCL2L1,direct interaction
PARK7,BAX,direct interaction
PARK7,PARK7,association
PARK7,PARK7,direct interaction
PARK7,PARK7,physical association
PARK7,TP53,physical association
PARK7,UBE2I,direct interaction
PARK7,PTEN,physical association
PBX1,MEIS2,direct interaction
PBX1,MEIS1,physical association
PBX1,MEIS1,direct interaction
PBX1,MDM2,direct interaction
PCBP2,PTBP1,direct interaction
PCBP2,PCBP2,direct interaction
PCBP2,ITCH,physical association
PCNA,CDKN1A,physical association
PCNA,CDK4,physical association
PCNA,RPA1,physical association
PCNA,RPA2,physical association
PCNA,EGFR,physical association
PCNA,DNMT1,direct interaction
PCNA,EP300,physical association
PCNA,XRCC1,physical association
PCNA,CDKN1A,direct interaction
PCNA,FOXO3,physical association
PCNA,XRCC5,physical association
PCNA,DNMT1,physical association
PCNA,GAPDH,physical association
PCNA,GAPDH,direct interaction
PCNA,MDH2,physical association
PCNA,XRCC1,direct interaction
PCNA,PCNA,association
PCNA,PCNA,physical association
PCNA,CHEK1,physical association
PCNA,MDM2,physical association
PCNA,MCL1,physical association
PCNA,MCL1,direct interaction
PCNA,CDKN2A,physical association
PCNA,TP53,physical association
PDCD4,EIF4G1,physical association
PDK1,SGK1,direct interaction
PDK1,RPS6KB1,direct interaction
PDK1,RPTOR,physical association
PDK1,PKN1,physical association
PDLIM7,TAB2,physical association
PDLIM7,TRAF3,direct interaction
PDLIM7,MDM2,direct interaction
PDLIM7,MDM2,physical association
PDLIM7,TP53,physical association
PDLIM7,SMAD1,direct interaction
PEA15,MAPK3,direct interaction
PEA15,MAPK1,direct interaction
PECAM1,MAPK1,physical association
PECAM1,CTNNB1,physical association
PECAM1,PIK3R1,physical association
PECAM1,PECAM1,direct interaction
PFN1,ACTB,direct interaction
PGR,ESR1,colocalization
PGR,ESR1,physical association
PGR,ARID1A,direct interaction
PGR,MAPK1,physical association
PGR,STAT5A,physical association
PGR,SP1,physical association
PGR,SRC,direct interaction
PGR,CDK2,direct interaction
PGR,CDK2,physical association
PGR,HMGB1,direct interaction
PIK3CA,HRAS,direct interaction
PIK3CA,SGK1,direct interaction
PIK3CA,ITIH1,direct interaction
PIK3CA,DDX5,direct interaction
PIK3R1,IRS1,physical association
PIK3R1,SHC1,physical association
PIK3R1,ABL1,physical association
PIK3R1,ABL1,direct interaction
PIK3R1,GAB1,direct interaction
PIK3R1,SYK,physical association
PIK3R1,SYK,direct interaction
PIK3R1,PIK3CA,physical association
PIK3R1,PIK3R1,direct interaction
PIK3R1,PIK3CA,direct interaction
PIK3R1,PXN,association
PIK3R1,HRAS,direct interaction
PIK3R1,HRAS,physical association
PIK3R1,ERBB3,physical association
PIK3R1,GAB2,direct interaction
PIK3R1,KIT,physical association
PIK3R1,CXCL2,direct interaction
PIK3R1,ADAMTS2,direct interaction
PIK3R1,SHC1,direct interaction
PIM1,MYC,physical association
PIM1,ABCB1,direct interaction
PIM1,PIM1,direct interaction
PIM1,ABCB1,physical association
PIM1,NFATC1,direct interaction
PIM1,NFATC1,physical association
PIM1,MDM2,physical association
PIM1,MDM2,direct interaction
PIM1,CDKN1A,direct interaction
PKN1,RHOA,direct interaction
PKN1,ACTN1,physical association
PKN1,PKN1,direct interaction
PLAU,PLAUR,direct interaction
PLAU,HRAS,suppressive genetic interaction defined by inequality
PLAU,MAP2K1,suppressive genetic interaction defined by inequality
PLAU,SERPINE1,direct interaction
PLAUR,FAP,direct interaction
PLAUR,JAK1,physical association
PLAUR,PLAU,direct interaction
PLK1,TSC1,physical association
PLK1,TSC2,physical association
PLK1,BRCA2,physical association
PLK1,BRCA2,direct interaction
PLK1,RXRA,direct interaction
PLK1,VRK3,direct interaction
PLK1,CHEK2,physical association
PLK1,CHEK2,direct interaction
PLK1,CTNNB1,physical association
PLK1,MDM2,physical association
PLK1,MDM2,direct interaction
PLK1,TP53,direct interaction
PPARG,ESR2,direct interaction
PPARG,ESR1,direct interaction
PPARG,SP1,physical association
PPARG,EP300,physical association
PPARG,EP300,direct interaction
PPARG,RXRA,direct interaction
PPARG,RXRA,association
PPARG,NFE2L2,direct interaction
PPARG,RB1,physical association
PPARG,RB1,direct interaction
PPARG,MED1,direct interaction
PPARG,CEBPB,direct interaction
PPARG,SP1,direct interaction
PPARG,TFAP2A,direct interaction
PPARG,HDAC4,direct interaction
PPP1R13L,SP1,direct interaction
PPP1R13L,SP1,physical association
PRKAA1,STK11,physical association
PRKAA1,TSC2,direct interaction
PRKAA1,TSC2,physical association
PRKAA1,YWHAE,physical association
PRKAA1,YWHAZ,physical association
PRKAA1,RPTOR,direct interaction
PRKAA1,MTOR,direct interaction
PRKCA,KLF5,direct interaction
PRKCA,GSK3B,direct interaction
PRKCA,NFE2L2,direct interaction
PRKCA,PRKCA,direct interaction
PRKCA,ANXA6,association
PRKCA,EIF4EBP1,direct interaction
PRKCA,EGFR,direct interaction
PRKCA,GJA1,physical association
PRKCA,TOP2A,direct interaction
PRKCA,RGS2,direct interaction
PRKCA,HAND2,direct interaction
PRKCA,EGFR,physical association
PRKCA,CTNNB1,physical association
PRKCA,HMGA2,direct interaction
PRKCB,PRKCB,direct interaction
PRKCB,CDK1,physical association
PRKCB,EGFR,direct interaction
PRKCB,TOP2A,direct interaction
PRKCB,RGS2,direct interaction
PRKCD,TP53,physical association
PRKCD,SP1,physical association
PRKCD,PLSCR3,direct interaction
PRKCD,NFE2L2,direct interaction
PRKCD,PRKCD,direct interaction
PRKCD,VHL,physical association
PRKCD,STAT3,direct interaction
PRKCD,STAT3,physical association
PRKCD,PTK2B,physical association
PRKCD,MTOR,physical association
PRKCD,IRS1,direct interaction
PRKCD,IRS1,physical association
PRKCG,NFE2L2,direct interaction
PRKCG,PRKCG,direct interaction
PRKCG,TOP2A,direct interaction
PRKCG,RGS2,direct interaction
PRKCH,VHL,physical association
PRKCH,NFE2L2,direct interaction
PRKCH,PRKCH,direct interaction
PRKCZ,VHL,physical association
PRKCZ,PRKCZ,direct interaction
PRKCZ,RPS6KB1,physical association
PRKCZ,AKT3,physical association
PRKCZ,AKT3,direct interaction
PRKCZ,SRC,physical association
PRKCZ,SP1,direct interaction
PRKCZ,AKT1,physical association
PRKCZ,YWHAB,direct interaction
PRKCZ,SP1,physical association
PRKCZ,YWHAZ,direct interaction
PRKCZ,RAF1,physical association
PTBP1,PTBP1,direct interaction
PTBP1,PCBP2,direct interaction
PTCH1,SMO,physical association
PTEN,CCNE2,physical association
PTEN,PTK2B,physical association
PTEN,BAP1,physical association
PTEN,PXN,physical association
PTEN,CAV1,physical association
PTEN,TP53,physical association
PTEN,UBE2I,physical association
PTEN,AR,direct interaction
PTEN,AR,physical association
PTEN,ESR1,direct interaction
PTEN,PARK7,physical association
PTEN,AKT1,physical association
PTGS2,CAV1,physical association
PTGS2,CAV1,direct interaction
PTK2B,PTK2B,direct interaction
PTK2B,PXN,direct interaction
PTK2B,JAK1,physical association
PTK2B,SRC,physical association
PTK2B,RASA1,physical association
PTK2B,RASA1,direct interaction
PTK2B,ERBB2,physical association
PTK2B,PXN,physical association
PTPN12,SHC1,physical association
PTPN12,SHC1,direct interaction
PTPN12,PXN,direct interaction
PTPN12,PXN,physical association
PTPN12,PTK2B,direct interaction
PTPRF,CAV1,physical association
PTPRF,CTNNB1,direct interaction
PTPRF,CTNNB1,physical association
PXN,PTK2B,physical association
PXN,PTPN12,physical association
PXN,PTPN12,direct interaction
PXN,LCK,physical association
RAD50,MRE11A,physical association
RAD50,NBN,physical association
RAD50,MRE11A,association
RAD50,NBN,association
RAD50,ATM,association
RAD51,UBE2I,direct interaction
RAD51,RPA1,direct interaction
RAD51,RAD51,direct interaction
RAD51,RAD51,physical association
RAD51,RAD51,association
RAD51,ATM,physical association
RAD51,ABL1,physical association
RAD51,TP53,association
RAD51,TP53,physical association
RAD51,BRCA2,direct interaction
RAD51,RAD51,colocalization
RAF1,BRAF,physical association
RAF1,HRAS,direct interaction
RAF1,YWHAB,direct interaction
RAF1,MAP2K1,direct interaction
RAF1,BCL2L1,direct interaction
RAF1,BCL2,direct interaction
RAF1,KRAS,direct interaction
RAF1,YWHAZ,physical association
RAF1,YWHAZ,direct interaction
RAF1,RB1,direct interaction
RAF1,RB1,physical association
RAF1,YWHAE,physical association
RAF1,HRAS,physical association
RAF1,KRAS,physical association
RAF1,NRAS,physical association
RAF1,SGK1,physical association
RAF1,YWHAE,direct interaction
RAF1,LCK,physical association
RAF1,AKT1,physical association
RAF1,PRKCZ,direct interaction
RAF1,PRKCZ,physical association
RAF1,YWHAB,physical association
RARG,NR2F6,direct interaction
RARG,RXRA,direct interaction
RASA1,ANXA6,direct interaction
RASA1,PXN,physical association
RASA1,EIF1,direct interaction
RASA1,HRAS,association
RASA1,HRAS,direct interaction
RASA1,SRC,physical association
RB1,E2F1,direct interaction
RB1,CCND1,suppressive genetic interaction defined by inequality
RB1,E2F1,physical association
RB1,MDM2,physical association
RB1,MDM2,direct interaction
RB1,TP53,physical association
RB1,AR,direct interaction
RB1,DNMT1,physical association
RB1,DNMT1,direct interaction
RB1,CCND1,physical association
RB1,MYC,direct interaction
RB1,RAF1,direct interaction
RB1,PPARG,direct interaction
RB1,CCND3,direct interaction
RB1,JUN,direct interaction
RB1,STAT3,physical association
RB1,STAT3,colocalization
RB1,ABL1,direct interaction
RB1,SP1,physical association
RB1,HMGA2,direct interaction
RB1,HMGA2,physical association
RB1,FOXM1,physical association
RB1,AR,physical association
RB1,HMGB1,direct interaction
RFWD2,TP53,physical association
RFWD2,TP53,direct interaction
RFWD2,RFWD2,physical association
RFWD2,YWHAB,physical association
RFWD2,RFWD2,direct interaction
RFWD2,YWHAZ,colocalization
RFWD2,YWHAZ,physical association
RFWD2,MDM2,physical association
RFWD2,JUN,physical association
RGS2,GNAI3,direct interaction
RGS2,CTSB,direct interaction
RGS2,ZBTB48,direct interaction
RGS2,GDE1,direct interaction
RHOA,MDM2,physical association
RHOA,PKN1,direct interaction
RHOA,CAV1,direct interaction
RHOA,BID,association
RHOA,MAPK8,association
RICTOR,MTOR,physical association
RICTOR,FBXW7,physical association
RICTOR,RPS6KB1,direct interaction
RICTOR,SGK1,direct interaction
RICTOR,AKT1,direct interaction
RICTOR,AKT1S1,physical association
RICTOR,RPS6,physical association
RICTOR,RICTOR,physical association
RICTOR,RPTOR,physical association
RNF128,RNF128,direct interaction
RNF128,TRIM39,direct interaction
RNF43,TP53,physical association
RORA,EP300,direct interaction
RORA,CEBPB,physical association
RPA1,RPA2,physical association
RPA1,RPA1,association
RPA1,RPA2,association
RPA1,PCNA,physical association
RPA2,STAT3,direct interaction
RPA2,STAT3,physical association
RPA2,GAPDH,direct interaction
RPS6KA1,ESR1,direct interaction
RPS6KA1,YWHAB,physical association
RPS6KA1,MAPK3,physical association
RPS6KA1,MAPK1,physical association
RPS6KA1,RPTOR,direct interaction
RPS6KA1,MAPK1,direct interaction
RPS6KA1,TSC2,direct interaction
RPS6KA1,TSC2,physical association
RPS6KA1,PDCD4,direct interaction
RPS6KA1,BAD,direct interaction
RPS6KA1,YBX1,physical association
RPS6KA1,YBX1,direct interaction
RPS6KB1,TERT,physical association
RPS6KB1,RPTOR,physical association
RPS6KB1,IRS1,direct interaction
RPS6KB1,AKT1,association
RPS6KB1,MTOR,physical association
RPS6KB1,MTOR,direct interaction
RPS6KB1,EP300,physical association
RPS6KB1,MDM2,physical association
RPS6KB1,RPS6,direct interaction
RPTOR,IRS1,physical association
RPTOR,EIF4EBP1,physical association
RPTOR,MTOR,physical association
RPTOR,RPS6KB1,direct interaction
RPTOR,RPS6KB1,physical association
RPTOR,EIF4EBP1,direct interaction
RPTOR,MAPK8,physical association
RPTOR,AKT1S1,physical association
RPTOR,CCNB1,physical association
RPTOR,AKT1S1,direct interaction
RPTOR,MTOR,colocalization
RPTOR,RPS6,physical association
RPTOR,EIF4E,physical association
RPTOR,RICTOR,physical association
RTKN,RHOA,physical association
RTKN,RHOA,direct interaction
RUNX1,CBFB,physical association
RUNX1,RUNX1T1,physical association
RUNX1,NR4A2,physical association
RUNX1,CBFB,association
RUNX1,JUN,direct interaction
RUNX1,FOS,direct interaction
RUNX1,JUN,physical association
RUNX1,FOS,physical association
RUNX1,EP300,physical association
RUNX1,RUNX1,physical association
RUNX1,RUNX1T1,association
RUNX1T1,DNMT1,physical association
RUNX1T1,RUNX1T1,direct interaction
RUNX3,NOTCH1,physical association
RUNX3,NOTCH1,direct interaction
RUNX3,NOTCH1,colocalization
RUNX3,EP300,physical association
RUNX3,CBFB,physical association
RUNX3,SMAD3,physical association
RUNX3,MDM2,physical association
RXRA,ESR1,direct interaction
RXRA,ESR2,direct interaction
RXRA,SP1,direct interaction
RXRA,PPARG,association
RXRA,CTNNB1,physical association
RXRA,BHLHE41,physical association
RXRA,NPAS2,direct interaction
RXRA,IGFBP3,direct interaction
RXRA,IGFBP3,physical association
RXRA,NR2F6,direct interaction
RXRA,NR4A1,direct interaction
RXRA,MED1,colocalization
RXRA,NR4A1,additive genetic interaction defined by inequality
RXRA,EP300,physical association
RXRA,NR4A1,physical association
RXRA,HDAC4,direct interaction
RXRA,MED1,direct interaction
S100A2,S100A2,direct interaction
S100A2,S100A2,physical association
S100A4,TP53,direct interaction
S100A4,SMAD3,direct interaction
S100A4,SMAD3,physical association
S100A4,TP53,physical association
S100A8,S100A8,association
S100A8,TP53,direct interaction
SDC1,HGF,direct interaction
SERPINE1,SERPINE1,association
SGK1,KPNA2,direct interaction
SGK1,KPNA2,physical association
SGK1,RICTOR,physical association
SGK1,RAF1,physical association
SHC1,IRS1,direct interaction
SHC1,ABL1,physical association
SHC1,KDR,physical association
SHC1,CALD1,physical association
SHC1,ITGB4,direct interaction
SHC1,ERBB2,physical association
SHC1,PIK3R1,direct interaction
SHC1,DDX5,physical association
SHC1,PIK3R1,physical association
SHC1,RPS19,physical association
SHC1,S100A8,physical association
SHC1,KRT17,physical association
SHC1,DNM2,physical association
SHC1,CORO1C,physical association
SHC1,AP2M1,physical association
SHC1,TUBB6,physical association
SHC1,MYH11,physical association
SHC1,MYH9,physical association
SHC1,KRT6A,physical association
SHC1,FASN,physical association
SHC1,ACTN4,physical association
SHC1,ACTB,physical association
SHC1,ACACA,physical association
SHC1,PRKCD,physical association
SHC1,SHC1,physical association
SHC1,PTPN12,physical association
SHC1,HIF1A,physical association
SHC1,PRKCD,direct interaction
SHC1,STAT5A,physical association
SHC1,ESR1,physical association
SHC1,GAB2,physical association
SIRT1,CACNA1C,physical association
SIRT1,BHLHE41,direct interaction
SIRT1,ACACA,physical association
SIRT1,HSPD1,physical association
SIRT1,YBX1,physical association
SIRT1,KPNA2,physical association
SIRT1,LAMA3,physical association
SIRT1,AR,additive genetic interaction defined by inequality
SIRT1,BRCA2,additive genetic interaction defined by inequality
SIRT1,TP53,direct interaction
SIRT1,CHEK1,additive genetic interaction defined by inequality
SIRT1,GFPT2,additive genetic interaction defined by inequality
SIRT1,HRAS,additive genetic interaction defined by inequality
SIRT1,TP53,physical association
SIRT1,MAP2K4,additive genetic interaction defined by inequality
SIRT1,KRAS,additive genetic interaction defined by inequality
SIRT1,KIT,additive genetic interaction defined by inequality
SIRT1,PER1,additive genetic interaction defined by inequality
SIRT1,PLK1,additive genetic interaction defined by inequality
SIRT1,RB1,additive genetic interaction defined by inequality
SIRT1,TP53,additive genetic interaction defined by inequality
SIRT1,PCNA,suppressive genetic interaction defined by inequality
SIRT1,EP300,suppressive genetic interaction defined by inequality
SIRT1,NBN,direct interaction
SIRT1,NBN,physical association
SIRT1,HIC1,physical association
SIRT1,MAP2K4,direct interaction
SIRT1,PCNA,direct interaction
SIRT1,FOXO3,physical association
SIRT1,E2F1,physical association
SIRT1,HDAC4,physical association
SIRT1,ZEB1,physical association
SIRT1,FOS,direct interaction
SIRT1,JUN,direct interaction
SIRT1,JUN,physical association
SIRT1,DNMT1,direct interaction
SIRT1,DNMT1,physical association
SIRT1,AR,direct interaction
SIRT1,AR,physical association
SIRT1,GAPDH,physical association
SIRT1,GAPDH,direct interaction
SIRT1,JAK1,physical association
SIRT1,STAT3,physical association
SIRT1,ESR1,physical association
SMAD1,SMAD4,colocalization
SMAD1,SMAD4,physical association
SMAD1,SMAD4,direct interaction
SMAD1,YAP1,physical association
SMAD1,RUNX1,physical association
SMAD1,RUNX3,physical association
SMAD1,SMAD6,physical association
SMAD1,EP300,physical association
SMAD1,FOXO3,physical association
SMAD1,TP53,physical association
SMAD1,YAP1,direct interaction
SMAD1,YAP1,association
SMAD3,SMAD4,physical association
SMAD3,SP1,physical association
SMAD3,CEBPB,direct interaction
SMAD3,ARID1A,physical association
SMAD3,SP1,direct interaction
SMAD3,EP300,physical association
SMAD3,EP300,direct interaction
SMAD3,SMAD4,direct interaction
SMAD3,JUN,physical association
SMAD3,JUN,direct interaction
SMAD3,FOS,direct interaction
SMAD3,ACTB,physical association
SMAD3,AR,direct interaction
SMAD3,AR,physical association
SMAD3,MAPK1,physical association
SMAD3,ITGB4,physical association
SMAD3,SMAD1,physical association
SMAD3,IRS1,physical association
SMAD3,GSK3B,direct interaction
SMAD3,YAP1,physical association
SMAD3,CTNNB1,physical association
SMAD3,HDAC4,direct interaction
SMAD3,HDAC4,physical association
SMAD3,RUNX3,physical association
SMAD3,RUNX1,physical association
SMAD3,SRC,physical association
SMAD3,FOXO3,physical association
SMAD3,TGFBR1,physical association
SMAD3,AKT1,physical association
SMAD3,S100A4,physical association
SMAD3,NOTCH1,physical association
SMAD3,NOTCH1,direct interaction
SMAD3,ESR1,physical association
SMAD4,CEBPB,direct interaction
SMAD4,UBE2I,direct interaction
SMAD4,SP1,physical association
SMAD4,EP300,physical association
SMAD4,SMAD3,physical association
SMAD4,SP1,direct interaction
SMAD4,FOXO3,physical association
SMAD4,CTNNB1,physical association
SMAD4,SMAD1,physical association
SMAD4,SMAD3,direct interaction
SMAD4,SMAD6,physical association
SMAD4,AKT1,physical association
SMAD4,AR,direct interaction
SMAD4,AR,physical association
SMAD4,SMAD1,colocalization
SMAD4,TGFBR1,physical association
SMAD6,SMAD4,physical association
SMAD6,ZEB1,physical association
SMAD6,SMAD1,direct interaction
SMAD6,TGFBR1,physical association
SMAD6,SMAD1,physical association
SMAP,SHC1,direct interaction
SMAP,SLC44A1,direct interaction
SMAP,ZBTB48,direct interaction
SMAP,A2M,direct interaction
SNAI1,NOTCH1,direct interaction
SNAI1,NOTCH1,physical association
SNAI1,MDM2,physical association
SNAI1,EGR1,physical association
SNAI1,EGR1,colocalization
SNAI1,CTDSP2,physical association
SNAI1,GSK3B,physical association
SNCG,MAPK8,physical association
SNCG,MAPK3,physical association
SNCG,MAPK1,physical association
SNX1,EGFR,physical association
SNX1,SNX1,direct interaction
SNX1,SNX1,colocalization
SOCS3,VHL,physical association
SOCS3,PTK2B,physical association
SOCS3,NFKB1,physical association
SOCS3,FGFR3,physical association
SOCS3,RASA1,direct interaction
SOCS3,RASA1,physical association
SOCS3,JAK1,direct interaction
SOCS3,JAK1,physical association
SOCS3,PTK2B,direct interaction
SOCS3,IRS1,physical association
SOX4,TP53,physical association
SOX4,UBE2I,physical association
SP1,EP300,physical association
SP1,EP300,direct interaction
SP1,STAT3,physical association
SP1,AR,physical association
SP1,E2F1,direct interaction
SP1,MYC,physical association
SP1,PRKCD,direct interaction
SP1,PRKCD,physical association
SP1,ESR1,colocalization
SP1,SMAD3,physical association
SP1,GATA6,direct interaction
SP1,DNMT1,physical association
SP1,ESR1,physical association
SP1,CEBPB,physical association
SP1,MEIS2,physical association
SP1,PPARG,physical association
SP1,NFYA,direct interaction
SP1,NFYA,physical association
SP1,SMAD3,direct interaction
SP1,SMAD4,direct interaction
SP1,CCNB1,physical association
SP1,CDK1,physical association
SP1,CCNB1,colocalization
SP1,CDK1,colocalization
SP1,MYH9,physical association
SP1,MYH11,physical association
SP1,MYO1B,physical association
SP1,COL3A1,physical association
SP1,CCND1,physical association
SP1,RB1,physical association
SP1,HIF1A,physical association
SP1,HIF1A,direct interaction
SP1,MAPK8,physical association
SP1,NFKB1,direct interaction
SP1,MECP2,physical association
SP1,EGR1,physical association
SP1,EGR1,colocalization
SP1,TP53,direct interaction
SP1,TP53,physical association
SP1,CDKN2A,physical association
SP1,JUN,direct interaction
SP1,ESR1,direct interaction
SP1,GATA6,physical association
SP1,HDAC4,physical association
SP1,JUN,physical association
SP1,RXRA,physical association
SP1,SMAD4,physical association
SP1,RAD51,physical association
SP1,CDK4,physical association
SP1,BRCA2,physical association
SP1,GATA3,physical association
SP1,GATA3,direct interaction
SP1,PRKCZ,physical association
SP1,PGR,physical association
SPP1,PDLIM7,direct interaction
SPP1,ITGA5,direct interaction
SRC,KDR,physical association
SRC,ESR1,physical association
SRC,ESR1,direct interaction
SRC,EGFR,physical association
SRC,PTK2B,physical association
SRC,PTK2B,direct interaction
SRC,GAB2,physical association
SRC,RAF1,direct interaction
SRC,RAF1,physical association
SRC,RPS6KB1,direct interaction
SRC,ESR2,physical association
SRC,PIK3R1,physical association
SRC,RXRA,direct interaction
SRC,RARG,direct interaction
SRC,PRKCZ,physical association
SRC,CDH1,physical association
SRC,AR,physical association
SRC,SRC,physical association
SRC,STAT3,physical association
SRC,STAT3,direct interaction
SRC,PXN,direct interaction
SRC,SRC,direct interaction
SRC,PECAM1,physical association
SRC,MET,physical association
SRC,ERBB2,physical association
SRC,NR4A1,physical association
SRC,ITCH,physical association
SRC,KIT,direct interaction
SRC,EP300,direct interaction
SRC,ERBB2,direct interaction
SRC,RASA1,direct interaction
SRC,SYK,direct interaction
SRC,TOM1L1,physical association
SRC,GRIN2A,physical association
SRSF1,SRSF1,direct interaction
SRSF1,TP53,direct interaction
SRSF1,TP53,physical association
SRSF9,YBX1,physical association
STAM2,ITCH,direct interaction
STAM2,JAK1,physical association
STAT3,SP1,physical association
STAT3,NFKB1,physical association
STAT3,NFKB1,direct interaction
STAT3,CDKN1A,physical association
STAT3,EP300,physical association
STAT3,HIF1A,physical association
STAT3,STAT3,physical association
STAT3,SRC,physical association
STAT3,EGFR,physical association
STAT3,CCND1,direct interaction
STAT3,RB1,physical association
STAT3,RB1,direct interaction
STAT3,SMAD1,physical association
STAT3,DNMT1,colocalization
STAT3,DNMT1,physical association
STAT3,JUN,direct interaction
STAT3,JUN,physical association
STAT3,FGFR1,physical association
STAT3,SRC,direct interaction
STAT3,PGR,physical association
STAT5A,PGR,physical association
STAT5A,ESR1,direct interaction
STAT5A,ESR2,direct interaction
STAT5A,EGFR,physical association
STAT5A,MAPK1,physical association
STAT5A,MAPK1,direct interaction
STAT5A,JAK1,physical association
STK11,GSK3B,physical association
STK11,PRKAA1,direct interaction
STK11,HSPA1A,physical association
SYK,PTK2B,physical association
SYK,PIK3R1,physical association
SYK,RPS6KB1,direct interaction
SYK,PIK3R1,direct interaction
SYK,LCK,direct interaction
SYK,SYK,association
SYK,SP1,physical association
SYK,HDAC4,direct interaction
SYK,PXN,physical association
SYK,SYK,direct interaction
SYK,MAPT,direct interaction
TAB2,PDLIM7,physical association
TAB2,BECN1,physical association
TAB2,ESR1,physical association
TAB2,NFKB1,direct interaction
TAB2,AR,physical association
TAB2,BECN1,colocalization
TAB2,TAB2,physical association
TAB2,TAB2,direct interaction
TCEA1,DDX5,physical association
TCF4,CTNNB1,physical association
TCF4,CTNNB1,association
TCF4,CTNNB1,direct interaction
TCF4,ERBB2,colocalization
TCF4,EP300,physical association
TCF4,HIC1,direct interaction
TCF4,HIC1,physical association
TERT,MDM2,physical association
TERT,YWHAZ,direct interaction
TERT,XRCC5,physical association
TERT,XRCC5,direct interaction
TERT,HSPA1A,physical association
TFAP2A,TP53,colocalization
TFAP2A,APC,direct interaction
TFAP2A,CTNNB1,physical association
TFAP2A,APC,physical association
TFAP2A,UBE2I,direct interaction
TFAP2A,TP53,direct interaction
TFAP2A,TP53,physical association
TFAP2A,MYC,direct interaction
TFAP2A,YBX1,direct interaction
TFAP2A,AURKA,physical association
TGFB3,TGFBR2,direct interaction
TGFBR1,TGFBR2,direct interaction
TGFBR1,CAV1,physical association
TGFBR1,TGFBR2,colocalization
TGFBR1,SMAD4,colocalization
TGFBR1,CAV1,colocalization
TGFBR1,TGFBR2,physical association
TGFBR1,MAPK14,physical association
TGFBR1,PIK3R1,physical association
TGFBR1,EP300,physical association
TGFBR1,TAB2,physical association
TGFBR1,ITCH,physical association
TGFBR2,TGFB3,association
TGFBR2,TGFB3,physical association
TGFBR2,PIK3R1,physical association
TGFBR2,TGFBR1,physical association
TGFBR2,CCNB1,direct interaction
TGM2,TGM2,association
TGM2,RB1,physical association
TGM2,FN1,direct interaction
THBS1,FGA,direct interaction
THBS1,FGF2,direct interaction
THBS1,COL3A1,direct interaction
THBS1,COL5A1,direct interaction
THBS1,COL7A1,direct interaction
THBS1,MMP2,direct interaction
THBS2,MMP2,direct interaction
TIMP1,MMP3,association
TIMP2,SNCG,physical association
TIMP2,MMP2,direct interaction
TMBIM6,BCL2,physical association
TNFAIP3,YWHAB,direct interaction
TNFAIP3,YWHAZ,direct interaction
TNFAIP3,YWHAB,physical association
TNFAIP3,TNFAIP3,direct interaction
TNFAIP3,TNFAIP3,physical association
TNFAIP3,ALDH9A1,physical association
TNFAIP3,YWHAE,physical association
TNFAIP3,YWHAZ,physical association
TNFAIP3,UBE2N,direct interaction
TOM1L1,EGFR,physical association
TOM1L1,SRC,physical association
TOP2A,GSK3B,physical association
TOP2A,FBXW7,physical association
TOP2A,VHL,physical association
TP53,MDM2,physical association
TP53,MDM2,direct interaction
TP53,MDM2,colocalization
TP53,DNMT1,physical association
TP53,TP53,direct interaction
TP53,EGR1,direct interaction
TP53,EGR1,physical association
TP53,SIRT1,direct interaction
TP53,TOP2A,direct interaction
TP53,TOP2A,physical association
TP53,MAPK9,physical association
TP53,TP53,physical association
TP53,RFWD2,direct interaction
TP53,RFWD2,physical association
TP53,PTEN,physical association
TP53,EP300,physical association
TP53,TP53INP1,direct interaction
TP53,DMTF1,physical association
TP53,RNF43,physical association
TP53,CDKN2A,physical association
TP53,SIRT1,physical association
TP53,CDC14B,physical association
TP53,CDC14B,direct interaction
TP53,STK11,physical association
TP53,SOX4,direct interaction
TP53,SOX4,physical association
TP53,BCL2,physical association
TP53,TP53BP1,direct interaction
TP53,HIF1A,physical association
TP53,UBE2I,physical association
TP53,UBE2I,direct interaction
TP53,RAD51,physical association
TP53,RAD51,direct interaction
TP53,EP300,suppressive genetic interaction defined by inequality
TP53,BAK1,physical association
TP53,BAK1,direct interaction
TP53,TP53BP1,association
TP53,CHEK1,colocalization
TP53,MAPK3,physical association
TP53,MAPK1,physical association
TP53,TFAP2A,direct interaction
TP53,TP53BP1,physical association
TP53,MED1,physical association
TP53,SMAD3,direct interaction
TP53,SMAD3,physical association
TP53,PPP1R13L,physical association
TP53,RPA1,direct interaction
TP53,SP1,physical association
TP53,BRCA2,physical association
TP53,SP1,direct interaction
TP53,MDM2,association
TP53,EP300,direct interaction
TP53,AURKA,physical association
TP53,AURKA,direct interaction
TP53,TP53,association
TP53,RPA1,physical association
TP53,CDKN1A,physical association
TP53,CHEK1,physical association
TP53,HMGB1,direct interaction
TP53,HMGB1,physical association
TP53,ITCH,physical association
TP53,PARK7,physical association
TP53,PDLIM7,physical association
TP53,PDLIM7,direct interaction
TP53,MAPK14,direct interaction
TP53,MAPK1,direct interaction
TP53,EIF2AK2,direct interaction
TP53,EIF2AK2,physical association
TP53,VHL,physical association
TP53,HECW2,physical association
TP53,NFYA,physical association
TP53,ESR1,direct interaction
TP53,BAK1,colocalization
TP53,YBX1,physical association
TP53,NR4A1,direct interaction
TP53,ARID1A,physical association
TP53,ARID1A,direct interaction
TP53,UBE2N,physical association
TP53,UBE2N,direct interaction
TP53,ERCC2,direct interaction
TP53,MAPK8,direct interaction
TP53,SMAD1,physical association
TP53,EEF2,physical association
TP53,GAPDH,physical association
TP53,PTGS2,physical association
TP53,PCNA,physical association
TP53BP1,TP53,direct interaction
TP53BP1,E2F1,direct interaction
TP53BP1,TP53,physical association
TP53BP1,TP53,colocalization
TP53BP1,RPA2,physical association
TP53BP1,UBE2I,colocalization
TP53BP1,CHEK1,colocalization
TP53BP1,HDAC4,physical association
TP53BP1,RPA1,physical association
TP53INP1,TP53,direct interaction
TP53INP1,TP53,physical association
TRAF3,TRAF3,direct interaction
TRAF3,BIRC2,physical association
TRAF3,SRC,physical association
TRAF3,PDLIM7,direct interaction
TRAF3,TRAF3,physical association
TRAF3,TRAF3,association
TRIM39,TRIM39,direct interaction
TRIM39,UBE2N,direct interaction
TRIM39,TRIM39,physical association
TRIP13,TRIP13,direct interaction
TRIP13,PLSCR4,direct interaction
TRIP13,PLSCR3,direct interaction
TSC1,TSC2,physical association
TSC1,YWHAZ,direct interaction
TSC1,TSC1,direct interaction
TSC1,TSC2,direct interaction
TSC1,AKT1,physical association
TSC1,PLK1,physical association
TSC1,RPS6KA1,physical association
TSC2,TSC1,physical association
TSC2,YWHAZ,direct interaction
TSC2,TSC1,direct interaction
TSC2,TSC1,colocalization
TSC2,YWHAB,physical association
TSC2,YWHAB,direct interaction
TSC2,CAV1,association
TSC2,AKT1,physical association
TSC2,GSK3B,physical association
TSC2,PRKAA1,physical association
TSC2,RPS6KA1,physical association
TTF1,MDM2,direct interaction
TTF1,MDM2,physical association
TTF1,CDKN2A,physical association
TXNIP,ITCH,physical association
UBE2I,UBE2I,direct interaction
UBE2I,FAS,direct interaction
UBE2I,TP53,physical association
UBE2I,NFATC1,physical association
UBE2I,MITF,direct interaction
UBE2I,MDM2,direct interaction
UBE2I,TP53,direct interaction
UBE2I,AR,physical association
UBE2I,TCF4,direct interaction
UBE2I,FOS,direct interaction
UBE2I,HIC1,direct interaction
UBE2I,CDKN2A,physical association
UBE2I,SOX4,physical association
UBE2I,SOX4,direct interaction
UBE2I,HDAC4,physical association
UBE2I,PDLIM7,direct interaction
UBE2I,RNF128,direct interaction
UBE2I,CDK1,physical association
UBE2I,SRSF1,physical association
UBE2I,FHIT,direct interaction
UBE2I,HDAC4,direct interaction
UBE2N,RNF128,direct interaction
UBE2N,PCCB,physical association
UBE2N,ACACA,physical association
UBE2N,TP53,direct interaction
UBE2N,TP53,physical association
UBE2N,RNF43,direct interaction
UBE2N,AURKA,direct interaction
UBE2N,AURKA,physical association
UQCC1,BRCA2,direct interaction
USP46,ALDH9A1,physical association
VEGFA,KDR,direct interaction
VEGFA,VEGFA,association
VEGFA,CTGF,direct interaction
VHL,PRKCZ,physical association
VHL,PRKCH,physical association
VHL,CDK2,physical association
VHL,VHL,physical association
VHL,HIF1A,physical association
VHL,HIF1A,direct interaction
VHL,FN1,physical association
VHL,HIF1A,association
VHL,IMPDH2,physical association
VHL,PRKCD,direct interaction
VHL,MYC,physical association
VHL,TAGLN2,physical association
VHL,PAPSS2,physical association
VHL,CDKN2A,colocalization
VHL,CDKN2A,physical association
VHL,DDX5,physical association
VHL,TP53,physical association
VHL,COL4A6,physical association
VHL,COL6A1,physical association
VHL,ACTB,physical association
VHL,BSG,physical association
VHL,XRCC5,physical association
VHL,NR4A1,physical association
VHL,NR4A1,direct interaction
VHL,TP53,direct interaction
VHL,HSPA1A,colocalization
VHL,BCL2L11,physical association
VHL,SP1,physical association
WDR62,WDR62,direct interaction
WWTR1,YWHAE,physical association
WWTR1,KLF5,physical association
XRCC1,TP53,physical association
XRCC1,PCNA,colocalization
XRCC1,PCNA,physical association
XRCC1,PCNA,direct interaction
XRCC5,TOP2A,physical association
XRCC5,PCNA,physical association
XRCC5,ATM,direct interaction
XRCC5,NBN,physical association
YAP1,RUNX1,physical association
YAP1,RUNX3,direct interaction
YAP1,RUNX1,direct interaction
YAP1,ERBB4,physical association
YAP1,SMAD1,physical association
YAP1,SMAD6,physical association
YAP1,EP300,colocalization
YAP1,ITCH,physical association
YAP1,EGFR,physical association
YBX1,SRSF9,direct interaction
YBX1,TP53,physical association
YBX1,TP53,direct interaction
YBX1,RPS6KA1,physical association
YBX1,PCNA,physical association
YBX1,PCNA,direct interaction
YWHAB,TJP2,physical association
YWHAB,RPS6KA1,direct interaction
YWHAB,TSC2,physical association
YWHAB,MAPT,physical association
YWHAB,TSC1,physical association
YWHAB,RFWD2,direct interaction
YWHAB,HDAC4,physical association
YWHAB,CDKN1B,direct interaction
YWHAB,MAP2K1,physical association
YWHAB,BAD,direct interaction
YWHAB,RAF1,physical association
YWHAB,IRS1,direct interaction
YWHAB,C1QBP,physical association
YWHAB,BRAF,physical association
YWHAB,DHX15,physical association
YWHAB,RAF1,direct interaction
YWHAB,PRKCZ,physical association
YWHAE,TOP2A,physical association
YWHAE,WWTR1,direct interaction
YWHAE,YWHAZ,physical association
YWHAE,KIAA0232,direct interaction
YWHAE,HDAC4,direct interaction
YWHAE,YWHAB,direct interaction
YWHAE,BAD,direct interaction
YWHAE,SSFA2,direct interaction
YWHAE,LRMP,direct interaction
YWHAE,CDKN1B,direct interaction
YWHAE,RAF1,physical association
YWHAE,IRS1,direct interaction
YWHAZ,TJP2,physical association
YWHAZ,BRAF,physical association
YWHAZ,WWTR1,direct interaction
YWHAZ,YWHAE,physical association
YWHAZ,KIAA0232,direct interaction
YWHAZ,TNFAIP3,direct interaction
YWHAZ,YWHAE,direct interaction
YWHAZ,YWHAZ,direct interaction
YWHAZ,CTNNB1,physical association
YWHAZ,BAD,direct interaction
YWHAZ,SSFA2,direct interaction
YWHAZ,TSC2,direct interaction
YWHAZ,LRMP,direct interaction
YWHAZ,MYH9,direct interaction
YWHAZ,YWHAZ,physical association
YWHAZ,RAF1,physical association
YWHAZ,RAF1,direct interaction
YWHAZ,RFWD2,direct interaction
YWHAZ,RFWD2,physical association
YWHAZ,ERRFI1,physical association
YWHAZ,CDKN1B,direct interaction
YWHAZ,HDAC4,direct interaction
YWHAZ,SRSF1,physical association
YWHAZ,YBX1,physical association
YWHAZ,DHX15,physical association
YWHAZ,EIF4G1,physical association
YWHAZ,IMPDH2,physical association
YWHAZ,DDX5,physical association
YWHAZ,RPS6,physical association
YWHAZ,RPS19,physical association
YWHAZ,ACTB,physical association
YWHAZ,MYH11,physical association
YWHAZ,CYR61,physical association
YWHAZ,BAD,physical association
YWHAZ,INPP5A,direct interaction
YWHAZ,RRAD,physical association
YWHAZ,EIF4G1,direct interaction
YWHAZ,PRKCD,physical association
YWHAZ,PRKCA,physical association
YWHAZ,ADORA3,physical association
YWHAZ,TP53,direct interaction
YWHAZ,TP53,physical association
YWHAZ,MAPT,direct interaction
YWHAZ,PRKCZ,direct interaction
YWHAZ,FOXO3,physical association
ZEB1,SMAD1,physical association
ZEB1,SMAD3,physical association
ZEB1,SMAD6,physical association
ZFP36L1,MAPK14,direct interaction
ZFP36L1,MAPK14,physical association